name;short_text;prob2_0;prob2_1;prob2_2;prob2_3;prob2_4;prob2_5;prob2_6;prob2_7;prob2_8;prob2_9;;
b1_p1_h1;Мелеховский двор — на самом краю хутора. Воротца со скотиньего база ведут на север к Дону. Крутой восьмисаженный спуск меж замшелых в прозелени меловы;"0,421514617";"0,305007983";"0,286639178";"0,436271652";"0,309926901";"0,331329803";"0,391133346";"0,366604689";"0,355801975";"0,410560546";"0,361479069";"0,05260087"
b1_p1_h2;"Редкие в пепельном рассветном небе зыбились звезды. Из-под туч тянул ветер. Над Доном на дыбах ходил туман и, пластаясь по откосу меловой горы, сполза";"0,406500653";"0,293632365";"0,403071318";"0,374562616";"0,315923279";"0,43011735";"0,374390135";"0,340703602";"0,396559502";"0,330234596";"0,366569542";"0,044551838"
b1_p1_h3;"Григорий пришел с игрищ после первых кочетов. Из сенцев пахнуло на него запахом перекисших хмелин и пряной сухменью богородицыной травки.
На цыпочках ";"0,420941961";"0,324821697";"0,356061513";"0,359749825";"0,298170868";"0,403370858";"0,380080355";"0,392942708";"0,361665447";"0,349410211";"0,364721544";"0,036592824"
b1_p1_h4;"К вечеру собралась гроза. Над хутором стала бурая туча. Дон, взлохмаченный ветром, кидал на берега гребнистые частые волны. За левадами палила небо су";"0,586777798";"0,538088859";"0,564076904";"0,582467591";"0,529755154";"0,613858814";"0,573653253";"0,636814007";"0,57542026";"0,549169373";"0,575008201";"0,032869293"
b1_p1_h5;До хутора Сетракова — места лагерного сбора — шестьдесят верст. Петро Мелехов и Астахов Степан ехали на одной бричке. С ними еще трое казаков-хуторян:;"0,567996249";"0,489672628";"0,505814682";"0,504277656";"0,442197554";"0,569885636";"0,506524986";"0,522153484";"0,499983214";"0,550808105";"0,515931419";"0,038850273"
b1_p1_h6;"Возле лобастого, с желтой песчаной лысиной кургана остановились ночевать.
С запада шла туча. С черного ее крыла сочился дождь. Поили коней в пруду. На";"0,453879973";"0,408587904";"0,443937071";"0,43226773";"0,400344442";"0,511839374";"0,420263345";"0,477702471";"0,427453589";"0,403685932";"0,437996183";"0,035331924"
b1_p1_h7;"Аксинью выдали за Степана семнадцати лет. Взяли ее с хутора Дубровки, с той стороны Дона, с песков.
За год до выдачи осенью пахала она в степи, верст ";"0,549401363";"0,435522575";"0,408300269";"0,501803743";"0,396084735";"0,452850127";"0,480717494";"0,451871372";"0,471974396";"0,526096825";"0,46746229";"0,048988721"
b1_p1_h8;"За два дня до троицы хуторские делили луг. На дележ ходил Пантелей Прокофьевич. Пришел оттуда в обед, кряхтя скинул чирики и, смачно почесывая натруже";"0,394922284";"0,318834834";"0,412304118";"0,377257447";"0,309638622";"0,416790818";"0,303534333";"0,386903351";"0,361777434";"0,314124758";"0,3596088";"0,044381517"
b1_p1_h9;"От троицы только и осталось по хуторским дворам: сухой чабрец, рассыпанный на полах, пыль мятых листьев да морщиненная, отжившая зелень срубленных дуб";"0,452517362";"0,38843751";"0,464475656";"0,514994778";"0,41068646";"0,491776562";"0,421279328";"0,46334573";"0,461841067";"0,39912053";"0,446847498";"0,041033202"
b1_p1_h10;"Не лазоревым алым цветом 10, а собачьей бесилой, дурнопьяном придорожным цветет поздняя бабья любовь.
С лугового покоса переродилась Аксинья. Будто кт";"0,441380251";"0,365145375";"0,423777287";"0,431922666";"0,368340952";"0,425280638";"0,36974321";"0,413677539";"0,438796837";"0,442730199";"0,412079495";"0,031845919"
b1_p1_h11;"За хутором Сетраковым в степи рядами вытянулись повозки с брезентовыми будками. Невидимо быстро вырос городок, белокрыший и аккуратный, с прямыми улоч";"0,600340502";"0,551538957";"0,482659062";"0,545122468";"0,507166305";"0,519161226";"0,541651691";"0,524801846";"0,547261696";"0,594287567";"0,541399132";"0,036231756"
b1_p1_h12;"Оставалось полторы недели до прихода казаков из лагерей.
Аксинья неистовствовала в поздней горькой своей любви. Несмотря на угрозы отца, Григорий, тая";"0,575351077";"0,512061239";"0,484391255";"0,543039564";"0,465752094";"0,529723411";"0,511382974";"0,516719041";"0,546027427";"0,522039671";"0,520648775";"0,03113652"
b1_p1_h13;"С того дня, как приезжала баба Томилина, подурнел Степан с лица. Висли на глаза брови, ложбинка глубокая и черствая косо прорезала лоб. Он мало говори";"0,443576192";"0,3579833";"0,417071489";"0,444377599";"0,335476366";"0,452489404";"0,37082844";"0,446902215";"0,383687451";"0,426703562";"0,407909602";"0,042489071"
b1_p1_h14;"— …Тоскую по нем, родная бабунюшка. На своих глазыньках сохну. Не успеваю юбку ушивать — что ни день, то шире становится… Пройдет мимо база, а у меня ";"0,470740505";"0,378353265";"0,405768869";"0,425032941";"0,363969075";"0,465098584";"0,45010666";"0,491958317";"0,456008742";"0,462518671";"0,436955563";"0,0421956"
b1_p1_h15;"— Петру скажи, чтобы запрягал кобылу и своего коня.
Григорий вышел на баз. Петро выкатывал из-под навеса сарая бричку.
— Батя велит запрягать кобылу и";"0,343485117";"0,237179693";"0,301038547";"0,304225995";"0,243117244";"0,363562112";"0,236386563";"0,277023055";"0,310803675";"0,235285378";"0,285210738";"0,046932768"
b1_p1_h16;"Только после того как узнал от Томилина про Аксинью, понял Степан, вынашивая в душе тоску и ненависть, что, несмотря на плохую жизнь с ней, на ту давн";"0,50245789";"0,41861009";"0,407519515";"0,464333981";"0,385887482";"0,429802183";"0,424185285";"0,462118337";"0,431296447";"0,44124514";"0,436745635";"0,032911532"
b1_p1_h17;"За житом — не успели еще свозить на гумна — подошла и пшеница. На суглинистых местах, на пригорках желтел и сворачивался в трубку подгорающий лист, пе";"0,49694163";"0,464731312";"0,511392471";"0,482076492";"0,368892208";"0,525344252";"0,420323823";"0,472970289";"0,491646421";"0,506291377";"0,474061027";"0,047135523"
b1_p1_h18;"Коршуновы слыли первыми богачами в хуторе Татарском. Четырнадцать пар быков, косяк лошадей, матки с Провальских заводов, полтора десятка коров, пропас";"0,481028191";"0,348679795";"0,354638373";"0,391878889";"0,359092984";"0,42971542";"0,442624873";"0,367634839";"0,451388235";"0,417916";"0,40445976";"0,046555312"
b1_p1_h19;"В коршуновском курене предсвадебная суета. Невесте наспех дошивали кое-что из белья. Наталья вечера просиживала, вывязывая жениху традиционный шарф из";"0,57069099";"0,453028605";"0,353196474";"0,443789452";"0,372639687";"0,431371162";"0,42483376";"0,364065067";"0,473039552";"0,419221686";"0,430587644";"0,063284643"
b1_p1_h20;"Всходит остролистая зеленая пшеница, растет; через полтора месяца грач хоронится в ней с головой, и не видно; сосет из земли соки, выколосится; потом ";"0,543155174";"0,513292905";"0,42133301";"0,503936664";"0,457906923";"0,541990924";"0,481831556";"0,483384678";"0,504390898";"0,525799493";"0,497702222";"0,038029791"
b1_p1_h21;"За невестой в поезжанье нарядили четыре пароконные подводы. По-праздничному нарядные люди толпились на мелеховском базу возле бричек.
Дружко — Петро —";"0,530445992";"0,510213253";"0,44582645";"0,566775962";"0,349012677";"0,537358253";"0,447865354";"0,480361558";"0,50739602";"0,508156433";"0,488341195";"0,061899133"
b1_p1_h22;"Отдохнувшие у Коршуновых лошади шли, добираясь до мелеховского база, из последних сил. На ременных шлеях, стекая, клубилась пена.
Подвыпившие кучера г";"0,541017007";"0,453887109";"0,456355555";"0,485292332";"0,4080615";"0,523158599";"0,465729004";"0,540446085";"0,531618287";"0,521390508";"0,492695599";"0,045525413"
b1_p1_h23;"Коршуновы приехали уже после того, как жениха с невестой увезли в церковь. Пантелей Прокофьевич до этого выходил за ворота, взглядывался вдоль улицы, ";"0,618251757";"0,46858243";"0,578600069";"0,557273803";"0,448946126";"0,567013055";"0,531254274";"0,578084189";"0,543662876";"0,568503612";"0,546017219";"0,05166491"
b1_p2_h1;"Сергей Платонович Мохов издалека ведет свою родословную.
В годы царствования Петра I шла однажды в Азов по Дону государева баржа с сухарями и огнестре";"0,766574367";"0,709086444";"0,718949073";"0,759073086";"0,725086065";"0,793783246";"0,734022556";"0,718528221";"0,767112217";"0,799489941";"0,749170522";"0,032512801"
b1_p2_h2;"В конце августа Митька Коршунов случайно встретился возле Дона с дочерью Сергея Платоновича Елизаветой. Он только что приехал из-за Дона и, примыкая к";"0,410014889";"0,305436876";"0,302337923";"0,356838429";"0,291182399";"0,32266611";"0,338124032";"0,361071508";"0,368711219";"0,368365696";"0,342474908";"0,037264078"
b1_p2_h3;"Наталья пришлась Мелеховым ко двору. Мирон Григорьевич детей школил; не глядя на свое богатство и на то, что помимо них были работники, заставлял рабо";"0,645711228";"0,560814156";"0,564127602";"0,610612741";"0,556295716";"0,635313579";"0,613192157";"0,509541567";"0,59377087";"0,580922023";"0,587030164";"0,041175755"
b1_p2_h4;"В конце октября, в воскресенье, — поехал Федот Бодовсков в станицу.
В кошелке отвез на базар четыре пары кормленых уток, продал; в лавке купил жене си";"0,462356194";"0,394253392";"0,39013515";"0,413552505";"0,340147704";"0,443539573";"0,365075733";"0,428508709";"0,404334836";"0,424666378";"0,406657017";"0,036357498"
b1_p2_h5;"Григорий с женой выехали пахать за три дня до покрова. Пантелей Прокофьевич прихворнул: опираясь на костыль, охая от боли, ломавшей поясницу, вышел пр";"0,474677518";"0,38816531";"0,367515048";"0,444553115";"0,326600904";"0,469660919";"0,355284204";"0,41259241";"0,432732634";"0,4290873";"0,410086936";"0,049503333"
b1_p2_h6;"С давних пор велось так: если по дороге на Миллерово ехал казак один, без товарищей, то стоило ему при встрече с украинцами (слободы их начинались от ";"0,534788627";"0,445942483";"0,459165752";"0,486365382";"0,49909493";"0,556304159";"0,525979337";"0,569701382";"0,508739843";"0,580477458";"0,516655935";"0,045299979"
b1_p2_h7;"Зима легла не сразу. После покрова стаял выпавший снег, и табуны снова выгнали на подножный. С неделю тянул южный ветер, теплело, отходила земля, ярко";"0,455313062";"0,367181841";"0,444607757";"0,466191581";"0,380294537";"0,461672611";"0,429469398";"0,393130747";"0,441477955";"0,45739259";"0,429673208";"0,036246884"
b1_p2_h8;"Пантелей Прокофьевич вернулся со схода и прямо прошел в боковушку, комнату, которую он занимал со старухой. Ильинична эти дни прихварывала. На водянис";"0,45654642";"0,385629873";"0,390406827";"0,431959488";"0,333576758";"0,461250877";"0,399868433";"0,416958577";"0,425309683";"0,423219766";"0,41247267";"0,037405921"
b1_p2_h9;"Вечером у косой Лукешки в половине Штокмана собирался разный люд; приходил Христоня, с мельницы Валет в накинутом на плечи замасленном пиджаке; скалоз";"0,675022235";"0,548584542";"0,542053049";"0,631838053";"0,571377862";"0,621176858";"0,575633474";"0,561601399";"0,560008951";"0,587692383";"0,587498881";"0,042383492"
b1_p2_h10;"На пологом песчаном левобережье, над Доном, лежит станица Вешенская, старейшая из верховых донских станиц, перенесенная с места разоренной при Петре I";"0,56467102";"0,454681779";"0,407436536";"0,475166634";"0,437270946";"0,558480903";"0,469451604";"0,49901683";"0,479211501";"0,484812947";"0,48302007";"0,04886435"
b1_p2_h11;"Наутро Григорий отправился к Мохову в дом. Сергей Платонович пришел из магазина к чаю. Сидел с Атепиным в столовой, оклеенной дорогими, под дуб, обоям";"0,594432444";"0,503595918";"0,502628414";"0,543529594";"0,478192187";"0,561408871";"0,484840004";"0,560853766";"0,576791377";"0,517481257";"0,532375383";"0,040459367"
b1_p2_h12;"Аксинья отстряпалась рано, загребла жар, закутала трубу и, перемыв посуду, выглянула в оконце, глядевшее на баз. Степан стоял возле слег, сложенных ко";"0,335619253";"0,255065231";"0,246177264";"0,24613457";"0,211130528";"0,276743026";"0,232692733";"0,273397175";"0,239023615";"0,266497741";"0,258248114";"0,033617464"
b1_p2_h13;"Беда в одиночку сроду не ходит: утром, по недогляду Гетька, племенной бугай Мирона Григорьевича распорол рогом лучшей кобылице-матке шею. Гетько прибе";"0,396027091";"0,261826897";"0,29717066";"0,300285039";"0,201938443";"0,311795885";"0,31060252";"0,27989937";"0,347541872";"0,370047274";"0,307713505";"0,055307226"
b1_p2_h14;"Сотник Евгений Листницкий служил в лейб-гвардии Атаманском полку. На офицерских скачках разбился, переломил в предплечье левую руку. После лазарета вз";"0,571436892";"0,502299711";"0,506744634";"0,600592814";"0,478696477";"0,579888537";"0,537016762";"0,501017569";"0,607650094";"0,482467846";"0,536781134";"0,0492698"
b1_p2_h15;"На четвертой неделе поста сдала зима. На Дону бахромой легли окраинцы, ноздревато припух, поседел подтаявший сверху лед. Вечерами глухо гудела гора, п";"0,510535553";"0,412533073";"0,375086988";"0,465097873";"0,393897824";"0,479226727";"0,47815553";"0,371318336";"0,520048663";"0,466589658";"0,447249023";"0,054772028"
b1_p2_h16;"У Штокмана стали собираться реже. Подходила весна. Хуторцы готовились к весенней работе; лишь с мельницы приходили Валет с Давыдкой и машинист Иван Ал";"0,615073652";"0,533340547";"0,507366182";"0,57596639";"0,522289825";"0,637830947";"0,514220439";"0,543314231";"0,586448989";"0,5882168";"0,5624068";"0,044796806"
b1_p2_h17;"Григорий вернулся из Миллерова, куда отвозил Евгения, в вербное воскресенье. Оттепель съела снег; дорога испортилась в каких-нибудь два дня.
В Ольхово";"0,365701986";"0,34342249";"0,399926562";"0,436352042";"0,330086273";"0,455755866";"0,416269465";"0,392393594";"0,392365079";"0,337349569";"0,386962293";"0,042559232"
b1_p2_h18;"У соседки Коршуновых Пелагеи в ночь под субботу на страстной неделе собрались бабы на посиделки. Гаврила Майданников — муж Пелагеи — писал из Лодзи, с";"0,543365833";"0,423944706";"0,332839719";"0,496948059";"0,404920659";"0,458839306";"0,461198043";"0,343303263";"0,43922818";"0,492456858";"0,439704463";"0,066504148"
b1_p2_h19;"Степан подошел к Григорию и, ухватившись за стремя, плотно прижался к потному боку жеребца.
— Ну, здорово, Григорий!
— Слава богу.
— Что ж ты думаешь?";"0,343330603";"0,34161218";"0,329854996";"0,34855881";"0,314326496";"0,40228778";"0,335383867";"0,371886352";"0,369888177";"0,320921463";"0,347805072";"0,026697717"
b1_p2_h20;"На шестом месяце, когда скрывать беременность было уже нельзя, Аксинья призналась Григорию. Она скрывала, боясь, что Григорий не поверит в то, что его";"0,555778416";"0,50359371";"0,50587846";"0,531686462";"0,472904764";"0,5731752";"0,50951448";"0,543964616";"0,538719006";"0,469013488";"0,52042286";"0,034259309"
b1_p2_h21;"К просторному суходолу наростом прилипло имение Листницкого — Ягодное. Меняясь, дул ветер то с юга, то с севера; плыло в синеватой белизне неба солнце";"0,638183646";"0,517135433";"0,589335582";"0,579337227";"0,512914823";"0,63691076";"0,555197517";"0,55294591";"0,572875875";"0,507432067";"0,566226884";"0,047059178"
b1_p2_h22;"На шестом месяце, когда скрывать беременность было уже нельзя, Аксинья призналась Григорию. Она скрывала, боясь, что Григорий не поверит в то, что его";"0,555778416";"0,50359371";"0,50587846";"0,531686462";"0,472904764";"0,5731752";"0,50951448";"0,543964616";"0,538719006";"0,469013488";"0,52042286";"0,034259309"
b1_p2_h23;"К просторному суходолу наростом прилипло имение Листницкого — Ягодное. Меняясь, дул ветер то с юга, то с севера; плыло в синеватой белизне неба солнце";"0,638183646";"0,517135433";"0,589335582";"0,579337227";"0,512914823";"0,63691076";"0,555197517";"0,55294591";"0,572875875";"0,507432067";"0,566226884";"0,047059178"
b1_p3_h1;В марте 1914 года в ростепельный веселый день пришла Наталья к свекру. Пантелей Прокофьевич заплетал пушистым сизым хворостом разломанный бугаем плете;"0,593469334";"0,524373126";"0,392778303";"0,566390469";"0,499838195";"0,574504113";"0,579654118";"0,470758801";"0,557331188";"0,597394272";"0,535649192";"0,06502079"
b1_p3_h2;"Где-то позади, в сером слизистом тумане осталась длинная дорога от Маньково-Калитвенской слободы до местечка Радзивиллово. Пытался Григорий вспомнить ";"0,608098282";"0,539952332";"0,532608763";"0,57846994";"0,464352172";"0,605286616";"0,539823682";"0,532789428";"0,531969588";"0,510741061";"0,544409186";"0,043378269"
b1_p3_h3;Над степью — желтый солнечный зной. Желтой пылью дымятся нескошенные вызревшие заливы пшеницы. К частям косилки не притронуться рукой. Вверх не поднят;"0,472937666";"0,43541401";"0,424190371";"0,524107019";"0,389021698";"0,514410333";"0,435202418";"0,470913646";"0,486528331";"0,480858312";"0,463358381";"0,042061277"
b1_p3_h4;"На площади серая густела толпа. В рядах — лошади, казачья справа, мундиры с разными номерами погонов. На голову выше армейцев-казаков, как гуси голлан";"0,550713039";"0,46705552";"0,451634865";"0,551310489";"0,469430489";"0,491815317";"0,500485303";"0,52479396";"0,540706393";"0,515514492";"0,506345987";"0,036117952"
b1_p3_h5;В последних числах июня полк выступил на маневры. По распоряжению штаба дивизии полк походным порядком прошел до города Ровно. В окрестностях его разв;"0,701247647";"0,638537169";"0,663365715";"0,682032976";"0,621181828";"0,702578946";"0,661602036";"0,659994208";"0,660957388";"0,610279483";"0,66017774";"0,030648393"
b1_p3_h6;Казаки-второочередники с хутора Татарского и окрестных хуторов на второй день после выступления из дому ночевали на хуторе Ея. Казаки с нижнего конца ;"0,628099844";"0,496333788";"0,556858456";"0,564613312";"0,542752859";"0,63166458";"0,560851127";"0,584938326";"0,59166332";"0,615287843";"0,577306345";"0,041955351"
b1_p3_h7;"Обычно из верховских станиц Донецкого округа — Еланской, Вешенской, Мигулинской и Казанской — брали казаков в 11-й — 12-й армейские казачьи полки и в ";"0,677231202";"0,591507402";"0,607020364";"0,687584039";"0,567976781";"0,654322496";"0,646607564";"0,662557642";"0,627483909";"0,67645391";"0,639874531";"0,040166265"
b1_p3_h8;"В местечке Торжок полк разбили по сотням. Шестая сотня, на основании приказа штаба дивизии, была послана в распоряжение Третьего армейского пехотного ";"0,4426795";"0,349626201";"0,350006911";"0,438213823";"0,351498126";"0,412496277";"0,483586079";"0,39132542";"0,35753002";"0,410109625";"0,398707198";"0,046878477"
b1_p3_h9;"Из этого после сделали подвиг. Крючков, любимец командира сотни, по его реляции получил Георгия. Товарищи его остались в тени. Героя отослали в штаб д";"0,802965777";"0,768543695";"0,699587806";"0,755875497";"0,783716633";"0,793893705";"0,766394384";"0,773346766";"0,770826154";"0,820898424";"0,773604884";"0,032473714"
b1_p3_h10;Фронт еще не улегся многоверстной неподатливой гадюкой. На границе вспыхивали кавалерийские стычки и бои. В первые дни после объявления войны германск;"0,657945621";"0,580508277";"0,604120754";"0,651063201";"0,564942324";"0,648601747";"0,628613463";"0,644945746";"0,626051943";"0,614542538";"0,622133561";"0,031239786"
b1_p3_h11;"Небольшая в сафьяновом, цвета под дуб, переплете записная книжка. Углы потерты и заломлены: долго носил хозяин в кармане. Листки исписаны узловатым ко";"0,807928509";"0,728031348";"0,704958766";"0,804113397";"0,748151621";"0,787634866";"0,796880708";"0,758653704";"0,784264744";"0,800077437";"0,77206951";"0,035432225"
b1_p3_h12;"11-я кавалерийская дивизия после занятия Лешнюва с боем прошла через Станиславчик, Радзивиллов, Броды и 15 августа развернулась возле города Каменка-С";"0,481644865";"0,381355258";"0,399889391";"0,424475898";"0,368272658";"0,477363368";"0,415836391";"0,41158179";"0,462985838";"0,431780316";"0,425518577";"0,038664458"
b1_p3_h13;"Операция по захвату города началась рано утром. Пехотные части, имея на флангах и в резерве кавалерию, должны были повести наступление от леса с рассв";"0,651730481";"0,557180855";"0,573702043";"0,597310802";"0,543415663";"0,653523563";"0,598943618";"0,583646064";"0,546351481";"0,581722801";"0,588752737";"0,038716452"
b1_p3_h14;В первых числах августа сотник Евгений Листницкий решил перевестись из лейб-гвардии Атаманского полка в какой-либо казачий армейский полк. Он подал ра;"0,810441971";"0,800127975";"0,7732892";"0,801976653";"0,760104101";"0,826301694";"0,776590458";"0,815777088";"0,818676068";"0,82585272";"0,800913793";"0,023370491"
b1_p3_h15;"Дивизия получила задание форсировать реку Стырь и около Ловишчей выйти противнику в тыл.
Листницкий за несколько дней сжился с офицерским составом пол";"0,749148555";"0,672064097";"0,671339756";"0,710507482";"0,687342604";"0,728631455";"0,700058849";"0,728014721";"0,69137753";"0,681780094";"0,702026514";"0,026368867"
b1_p3_h16;"Вместе со второй очередью ушла и третья. Станицы, хутора на Дону обезлюдели, будто на покос, на страду вышла вся Донщина.
На границах горькая разгорал";"0,681370883";"0,542949008";"0,530586721";"0,606034931";"0,591730434";"0,591903441";"0,614839467";"0,560505494";"0,677528557";"0,654877189";"0,605232613";"0,053117277"
b1_p3_h17;Мелеховы на двенадцатый день после известия о смерти Григория получили от Петра два письма сразу. Дуняшка еще на почте прочитала их и — то неслась к д;"0,65448715";"0,525411038";"0,593183108";"0,607405157";"0,510323879";"0,659844713";"0,641941604";"0,591988434";"0,637897613";"0,637031193";"0,605951389";"0,052210574"
b1_p3_h18;"Выметываясь из русла, разбивается жизнь на множество рукавов. Трудно предопределить, по какому устремит она свой вероломный и лукавый ход. Там, где ны";"0,535441239";"0,50078734";"0,400590085";"0,557622115";"0,446100727";"0,520181119";"0,519949258";"0,501547759";"0,529151356";"0,572949251";"0,508432025";"0,05124291"
b1_p3_h19;"Война и из Ягодного повыдергала людей. Ушли Вениамин и Тихон, после них стало еще глуше, тише, скучнее. Вместо Вениамина прислуживала старому генералу";"0,640388212";"0,524066877";"0,470565102";"0,559357152";"0,484796435";"0,57614316";"0,535101643";"0,490500171";"0,543975606";"0,523978413";"0,534887277";"0,049851611"
b1_p3_h20;"Ярко, до слепящей боли, вспомнилась Григорию та ночь. Он очнулся перед рассветом, повел руками, натыкаясь на колючее жнивье, и застонал от садной боли";"0,534447111";"0,439512409";"0,470256169";"0,464652574";"0,43494875";"0,547687481";"0,469625509";"0,460497559";"0,470376482";"0,466821103";"0,475882515";"0,036712339"
b1_p3_h21;"Вагон мягко покачивает, перестук колес убаюкивающе сонлив, от фонаря до половины лавки желтая вязь света. Так хорошо вытянуться во весь рост и лежать ";"0,650601869";"0,613018817";"0,592799645";"0,601223344";"0,594750718";"0,680868287";"0,611722258";"0,617603099";"0,588049223";"0,586972786";"0,613761005";"0,030215472"
b1_p3_h22;На Юго-Западном фронте в районе Шевеля командование армии решило грандиозной кавалерийской атакой прорвать фронт противника и кинуть в тыл ему большой;"0,716590187";"0,527308211";"0,595434279";"0,621768193";"0,548155792";"0,627132093";"0,644863871";"0,609969741";"0,583942924";"0,587932991";"0,606309828";"0,052613376"
b1_p3_h23;"К глазной лечебнице доктора Снегирева примыкал маленький садик.
Таких неуютных стриженых садов много по окраинным переулкам Москвы, в них не отдыхает ";"0,759090117";"0,598462558";"0,581529448";"0,559215079";"0,56791831";"0,643707376";"0,609312356";"0,589079046";"0,681058327";"0,679627168";"0,626899978";"0,063365787"
b1_p3_h24;"В ночь на 4 ноября Григорий Мелехов пришел в Нижне-Яблоновский, первый от станции казачий хутор Вешенского юрта. До имения Ягодного оставалось несколь";"0,546901302";"0,448216629";"0,470202601";"0,481801415";"0,444480191";"0,579019975";"0,492234198";"0,458444547";"0,510949132";"0,43013434";"0,486238433";"0,047517691"
b2_p1_h1;"Тысяча девятьсот шестнадцатый год. Октябрь. Ночь. Дождь и ветер. Полесье. Окопы над болотом, поросшим ольхой. Впереди проволочные заграждения. В окопа";"0,658590914";"0,573061472";"0,553311216";"0,583805078";"0,550832665";"0,641223517";"0,550304694";"0,639571475";"0,584469149";"0,610211576";"0,594538176";"0,040552019"
b2_p2_h2;"На другой день утром смущенный вахмистр вошел в землянку Листницкого; помявшись, сообщил:
— Нынче утром казаки, ваше благородие, нашли в окопах вот эт";"0,818203641";"0,737533946";"0,741612365";"0,76709967";"0,757058852";"0,784219413";"0,76989149";"0,77051079";"0,768610035";"0,775891225";"0,769063143";"0,022582453"
b2_p3_h3;"На Владимиро-Волынском и Ковельском направлениях, в районе действий Особой армии (армия была по счету тринадцатой, но так как 13 — цифра несчастливая,";"0,745440522";"0,63063728";"0,597492832";"0,653938058";"0,631337226";"0,665177601";"0,705247697";"0,670463655";"0,681892929";"0,718051345";"0,669967914";"0,044680365"
b2_p4_h4;"Верст на сорок ниже по Стоходу шли бои. Две недели неумолчно стонал сплошной орудийный гул, по ночам далекое фиолетовое небо кромсали отсветы прожекто";"0,658654287";"0,558724064";"0,595695252";"0,607812508";"0,528562609";"0,658319692";"0,600520139";"0,579677899";"0,605598134";"0,570129614";"0,59636942";"0,040733699"
b2_p5_h5;"Сбочь хутора Татарского, по небу, изморщенному седой облачной рябью, колесило осеннее солнце. Там, вверху, тихий ветерок лишь слегка подталкивал тучи,";"0,406180068";"0,322155521";"0,314633011";"0,469619529";"0,318395239";"0,412968335";"0,394734652";"0,374909301";"0,412926523";"0,399449085";"0,382597126";"0,050393935"
b2_p6_h6;В ноябре в обним жали морозы. Ранний перепадал снежок. На колене против верхнего конца хутора Татарского стал Дон. По хрупкому сизому льду перебиралис;"0,647716101";"0,546531363";"0,622523587";"0,643477308";"0,526207035";"0,675448828";"0,647107949";"0,594717273";"0,703725749";"0,663160013";"0,627061521";"0,056118191"
b2_p7_h7;"Маленькими смуглыми руками, покрытыми редким глянцем волоса, щупал Сергей Платонович Мохов жизнь со всех сторон. Иногда и она с ним заигрывала, иногда";"0,667559274";"0,519563727";"0,581224519";"0,614928843";"0,538792416";"0,61503137";"0,53270881";"0,627275543";"0,600282089";"0,620017282";"0,591738387";"0,047810084"
b2_p8_h8;"Первую бригаду одной из пехотных дивизий, находившуюся в резерве Юго-Западного фронта, с приданным к ней 27-м Донским казачьим полком, перед Февральск";"0,791197096";"0,646040714";"0,70277548";"0,734125946";"0,698507559";"0,754274125";"0,709770177";"0,710835853";"0,714439944";"0,730377682";"0,719234458";"0,03799598"
b2_p9_h9;Через сутки полк был уже неподалеку от фронта. На узловой станции эшелоны остановили. Вахмистры разнесли приказ: «Выгружаться!» Торопливо сводили каза;"0,664515097";"0,571745205";"0,520534309";"0,606920325";"0,522532259";"0,638267503";"0,621382015";"0,642330655";"0,601398962";"0,627265734";"0,601689206";"0,049165016"
b2_p10_h10;"По возвращении из отпуска есаул Евгений Листницкий получил назначение в 14-й Донской казачий полк. В свой полк, в котором служил раньше и из которого ";"0,829416753";"0,778454995";"0,73918288";"0,788949141";"0,771744915";"0,813570902";"0,798050091";"0,803916648";"0,805061884";"0,80415358";"0,793250179";"0,025252748"
b2_p11_h11;Назначение генерала Корнилова главнокомандующим Юго-Западного фронта встречено было офицерским составом 14-го полка с большим сочувствием. О нем говор;"0,871357975";"0,776932527";"0,805491123";"0,840363953";"0,814989052";"0,828356452";"0,835254546";"0,845349995";"0,804728832";"0,801164673";"0,822398913";"0,027117728"
b2_p12_h12;"В сотне Листницкого был казак Букановской станицы Лагутин Иван. По первым выборам он прошел в члены полкового Военно-революционного комитета, до прихо";"0,673370106";"0,580719375";"0,531881973";"0,616907419";"0,541761089";"0,613528754";"0,57780781";"0,5931537";"0,523423462";"0,608893676";"0,586144736";"0,045726706"
b2_p13_h13;"6 августа начальник штаба верховного главнокомандующего генерал Лукомский, через первого генерал-квартирмейстера Ставки генерала Романовского, получил";"0,774532027";"0,633947105";"0,669876148";"0,680420043";"0,68175745";"0,753279827";"0,702168929";"0,656935654";"0,656685144";"0,704445492";"0,691404782";"0,043965597"
b2_p14_h14;За день до приезда Корнилова в Москву есаул Листницкий прибыл туда с поручением особой важности от Совета союза казачьих войск. Передав в штаб находив;"0,851413645";"0,800356324";"0,806419102";"0,82723067";"0,815145067";"0,855821521";"0,839655087";"0,829527135";"0,826341756";"0,845686935";"0,829759724";"0,018680856"
b2_p15_h15;"В версте от развалин местечка, стертого орудийным огнем июньских боев, возле леса причудливо вилюжились зигзаги окопов. Участок у самой опушки занимал";"0,853335131";"0,775769059";"0,790331505";"0,810211859";"0,791385011";"0,840809599";"0,836389896";"0,787010332";"0,778276274";"0,81645473";"0,80799734";"0,027819334"
b2_p16_h16;"Уже 29 августа из телеграмм, получаемых от Крымова, Корнилову стало ясно, что дело вооруженного переворота погибло.
В два пополудни в Ставку прибыл от";"0,802495929";"0,641965739";"0,610709101";"0,648865886";"0,651415341";"0,692744697";"0,708193257";"0,687104074";"0,689884588";"0,684918255";"0,681829687";"0,051785534"
b2_p17_h17;"Кинутые на Петроград части 3-го конного корпуса и Туземной дивизии эшелонировались на огромном протяжении восьми железных дорог: Ревель, Везенберг, На";"0,793604041";"0,686099233";"0,689663129";"0,735408111";"0,654398053";"0,740720047";"0,7250254";"0,703724947";"0,72088458";"0,715657217";"0,716518476";"0,037484889"
b2_p18_h18;"31 августа в Петрограде застрелился вызванный туда Керенским генерал Крымов.
С повинной потекли в Зимний дворец делегации и командиры частей крымовско";"0,805068743";"0,686385904";"0,708702753";"0,694731191";"0,691701651";"0,762001426";"0,755595147";"0,727121944";"0,707331575";"0,778152653";"0,731679299";"0,041087375"
b2_p19_h19;"В последних числах октября, рано утром, есаул Листницкий получил распоряжение от командира полка — с сотней в пешем строю явиться на Дворцовую площадь";"0,746488817";"0,653873761";"0,589197893";"0,641851365";"0,594122791";"0,704653636";"0,612161235";"0,704252245";"0,63687451";"0,681722619";"0,656519887";"0,051989602"
b2_p20_h20;Теплилась осень. Перепадали дожди. Над Быховом редко показывалось обескровленное солнце. В октябре начался отлет дикой птицы. Даже ночами звенел над п;"0,877598924";"0,755936689";"0,796090098";"0,806060197";"0,804927631";"0,825795742";"0,828900997";"0,827243729";"0,821958801";"0,829650251";"0,817416306";"0,030930785"
b2_p21_h21;"Полк отступал вторые сутки. Медленно, с боями, но отступал. По возвышенным грунтовым дорогам тянулись обозы русской и румынской армий. Объединенные ав";"0,743946381";"0,679432905";"0,623262787";"0,758617433";"0,645344155";"0,735079306";"0,687395095";"0,688256252";"0,714955094";"0,719490246";"0,699577965";"0,043198836"
b2_p22_h22;"Полая вода только что начала сбывать. На лугу, около огородных плетней, оголилась бурая, илистая земля, каймой лежал наплав: оставшиеся от разлива обл";"0,516065083";"0,382330204";"0,408768409";"0,432927868";"0,35995742";"0,438745567";"0,410041597";"0,425043322";"0,396287741";"0,415407418";"0,418557463";"0,041612576"
b2_p23_h23;"После ухода Кошевого казаки сидели некоторое время молча. Над хутором шатался набатный гуд, мелко дребезжали оконца хаты. Иван Алексеевич смотрел в ок";"0,66835756";"0,546845601";"0,620747934";"0,652191636";"0,489924304";"0,648540565";"0,612053783";"0,644637939";"0,637342141";"0,643527922";"0,616416938";"0,055634952"
b2_p24_h24;"В Каргинскую приехали перед вечером. В станице уже не было фронтовиков — ушли на Мигулинскую. Петро, спешив свой отряд на площади, возле магазина купц";"0,691932977";"0,572556758";"0,556501081";"0,659878634";"0,475324254";"0,633062946";"0,594192475";"0,591491618";"0,629807842";"0,643930709";"0,604867929";"0,061470117"
b2_p25_h25;"Номерным у Бунчука был казак с хутора Татарского Максимка Грязнов. Коня потерял он в бою с кутеповским отрядом, с той поры безудержно запил, пристраст";"0,475380889";"0,397428209";"0,355506755";"0,469656638";"0,349252788";"0,491239539";"0,43125245";"0,350428034";"0,39690338";"0,453269736";"0,417031842";"0,054570072"
b2_p26_h26;"Эти дни он жил, как в тифозном бреду. Ходил, делал что-то, ел, спал, но все это словно в полусне, одуряющем и дурманном. Ошалелыми припухлыми глазами ";"0,679526338";"0,609705368";"0,489636029";"0,632486931";"0,529130058";"0,613755135";"0,626931504";"0,618611514";"0,582633776";"0,646306314";"0,602872297";"0,056076382"
b2_p27_h27;"Несколько дней экспедиция шла в глубь Донецкого округа, прорываясь к Краснокутской станице. Население украинских слобод встречало отряд с неизменным р";"0,599143272";"0,430611308";"0,360018296";"0,486673854";"0,382746545";"0,483312077";"0,415416644";"0,400110788";"0,426024361";"0,47423556";"0,445829271";"0,068610999"
b2_p28_h28;"На западе густели тучи. Темнело. Где-то далеко-далеко, в полосе Обдонья, вилась молния, крылом недобитой птицы трепыхалась оранжевая зарница. В той ст";"0,777111325";"0,714542687";"0,648843821";"0,719246933";"0,730641162";"0,79465286";"0,713813425";"0,747082775";"0,703174627";"0,775943704";"0,732505332";"0,043027442"
b2_p29_h29;"В ночь эту, обрызганную молочным светом бледно-желтых звезд, в лавчушке, набитой людьми до отказа, почти не было сна. Короткие гасли разговоры. Духота";"0,567300467";"0,467831655";"0,459073042";"0,497305413";"0,454992374";"0,451711483";"0,490423975";"0,524755166";"0,467206838";"0,568154256";"0,494875467";"0,044429974"
b2_p30_h30;"Отряд татарских казаков под командой хорунжего Петра Мелехова прибыл в хутор Пономарев 11 мая на рассвете.
По хутору сновали казаки-чирцы, вели на вод";"0,582583882";"0,485651068";"0,42374246";"0,502490133";"0,425964894";"0,549576319";"0,460159914";"0,428194375";"0,522152249";"0,502815494";"0,488333079";"0,054433619"
b2_p31_h31;"Мишка Кошевой и Валет только на вторую ночь вышли из Каргинской. Туман пенился в степи, клубился в балках, ник в падинах, лизал отроги Яров. Опушенные";"0,571855994";"0,430018776";"0,416472817";"0,531662848";"0,462924619";"0,499305962";"0,515594987";"0,412472801";"0,53370648";"0,525115509";"0,489913079";"0,055845737"
b3_p1_h1;"Как ты, батюшка, славный тихий Дон,
Ты кормилец наш, Дон Иванович,
Про тебя лежит слава добрая,
Слава добрая, речь хорошая,
Как, бывало, ты все быстер";"0,623518392";"0,572315037";"0,628489205";"0,638342745";"0,625783564";"0,656673962";"0,671920966";"0,638227835";"0,622357274";"0,671009721";"0,63486387";"0,028866415"
b3_p2_h2;"С Дона через Украину катились красные составы вагонов, увозя в Германию пшеничную муку, яйца, масло, быков. На площадках стояли немцы в бескозырках, в";"0,541430984";"0,363182086";"0,426182439";"0,489356724";"0,314602415";"0,46778121";"0,439530019";"0,440024934";"0,415374363";"0,419368736";"0,431683391";"0,06294021"
b3_p3_h3;"Неделю отдыхал Мишка, целые дни проводя в седле. Степь его покоряла, властно принуждала жить первобытной, растительной жизнью. Косяк ходил где-нибудь ";"0,409187889";"0,286545809";"0,312384617";"0,382389424";"0,249933679";"0,373357794";"0,364259597";"0,300249868";"0,307398544";"0,387743328";"0,337345055";"0,052566219"
b3_p4_h4;"15 мая атаман Всевеликого войска Донского Краснов, сопутствуемый председателем совета управляющих, управляющим отделом иностранных дел генерал-майором";"0,946683624";"0,891603635";"0,878034524";"0,912432837";"0,91941609";"0,943530624";"0,925373447";"0,917649592";"0,918851814";"0,944782234";"0,919835842";"0,022460756"
b3_p5_h5;"Во время ледяного похода 60 Евгений Листницкий был ранен два раза: первый раз — в бою за овладение станицей Усть-Лабинской, второй — при штурме Екатер";"0,61973601";"0,511653082";"0,470906449";"0,581779945";"0,471522359";"0,536336784";"0,586327056";"0,518911856";"0,49773318";"0,537050496";"0,533195722";"0,04978462"
b3_p6_h6;"Вызрел ковыль. Степь на многие версты оделась колышущимся серебром. Ветер упруго приминал его, наплывая, шершавил, бугрил, гнал то к югу, то к западу ";"0,561927839";"0,470605103";"0,505758825";"0,563826356";"0,436898786";"0,56402164";"0,511204543";"0,52233696";"0,489153463";"0,551970277";"0,517770379";"0,043680397"
b3_p7_h7;"По линии Филоново — Поворино выравнивался фронт. Красные стягивали силы, копили кулак для удара. Казаки вяло развивали наступление; испытывая острую н";"0,46960158";"0,345552009";"0,331234566";"0,465443101";"0,34442754";"0,45560759";"0,419949942";"0,370818684";"0,418748859";"0,414344338";"0,403572821";"0,052366369"
b3_p8_h8;"Неподалеку от станицы Дурновской Вешенский полк в первый раз ввязался в бой с отступавшими частями красноармейцев.
Сотня под командой Григория Мелехов";"0,597186448";"0,501461433";"0,455340428";"0,552848716";"0,439568957";"0,573467158";"0,545197612";"0,539995092";"0,542338943";"0,540969946";"0,528837473";"0,049533037"
b3_p9_h9;"И после, когда полк вступил в полосу непрерывных боев, когда вместо завес уже лег изломистой вилюжиной фронт, Григорий всегда, сталкиваясь с неприятел";"0,466051747";"0,363660429";"0,383279267";"0,44804711";"0,344866946";"0,48086404";"0,35834162";"0,389444517";"0,415191575";"0,360957219";"0,401070447";"0,048808759"
b3_p10_h10;"Цепь дней. Звено, вкованное в звено. Переходы, бои, отдых. Жара. Дождь. Смежные запахи конского пота и нагретой кожи седла. В жилах от постоянного нап";"0,715080285";"0,616787301";"0,608047297";"0,678050997";"0,559530271";"0,653570248";"0,628024911";"0,63204879";"0,646593472";"0,644336814";"0,638207038";"0,041554543"
b3_p11_h11;"В конце ноября в Новочеркасске стало известно о прибытии военной миссии держав Согласия. По городу пошли упорные слухи о том, что мощная английская эс";"0,942433744";"0,898647166";"0,883687508";"0,917635776";"0,907242634";"0,928258936";"0,911221553";"0,920310635";"0,919533995";"0,928971572";"0,915794352";"0,016651168"
b3_p12_h12;"Враждебность, незримой бороздой разделившая офицеров и казаков еще в дни империалистической войны, к осени 1918 года приняла размеры неслыханные. В ко";"0,748769232";"0,660045743";"0,619193888";"0,723167227";"0,601491592";"0,689033998";"0,675712273";"0,719122492";"0,711559867";"0,7548453";"0,690294161";"0,051661781"
b3_p13_h13;"Пугающие тишиной, короткие дни под исход казались большими, как в страдную пору. Полегли хутора глухой целинной степью. Будто вымерло все Обдонье, буд";"0,380812556";"0,288875781";"0,322947886";"0,382804771";"0,242191744";"0,365998911";"0,289673513";"0,306489584";"0,344790603";"0,374082551";"0,32986679";"0,047677418"
b3_p14_h14;"В Вешенской на заборах трепыхались фоминские приказы. С часу на час ждали прихода красных войск. А в Каргинской, в тридцати пяти верстах от Вешенской,";"0,756512181";"0,691532613";"0,587634668";"0,688847931";"0,721967843";"0,739482028";"0,689824588";"0,719650281";"0,734991105";"0,700058409";"0,703050165";"0,046759544"
b3_p15_h15;"Решение не отступать вновь вернуло в глазах Пантелея Прокофьевича силу и значимость вещам.
Вечером вышел он метать скотине и, уже не колеблясь, надерг";"0,361558574";"0,325517394";"0,33700796";"0,392982465";"0,287871731";"0,405489788";"0,303675764";"0,325459173";"0,34096568";"0,328898931";"0,340942746";"0,036731828"
b3_p16_h16;"Далеко за Доном — время перевалило уже за обед — пулемет глухо выщелкал две очереди и смолк.
Через полчаса Григорий, не отходивший от окна в горнице, ";"0,378468694";"0,286155677";"0,262254608";"0,339967494";"0,238807081";"0,34932364";"0,255647455";"0,260466265";"0,341401599";"0,307577585";"0,30200701";"0,048085349"
b3_p17_h17;"В полдень через хутор спешным маршем прошел 6-й Мценский краснознаменный полк, захватив кое у кого из казаков строевых лошадей. За бугром далеко погро";"0,431147787";"0,386178616";"0,359941693";"0,390325012";"0,283802868";"0,407759347";"0,401486541";"0,351691393";"0,40877277";"0,426948284";"0,384805431";"0,043782066"
b3_p18_h18;Фронт прошел. Отгремели боевые деньки. В последний день пулеметчики 13-го кавполка перед уходом поставили на широкоспинные тавричанские сани моховский;"0,606379346";"0,471491073";"0,518957698";"0,524339418";"0,478307847";"0,547554287";"0,488544588";"0,555362841";"0,503221973";"0,521983216";"0,521614229";"0,04059454"
b3_p19_h19;"Казакует по родимой степи восточный ветер. Лога позанесло снегом. Падины и яры сровняло. Нет ни дорог, ни тропок. Кругом, наперекрест, прилизанная вет";"0,49826683";"0,427969421";"0,397369895";"0,523773919";"0,320031096";"0,483133199";"0,435194675";"0,409572787";"0,515902356";"0,493800091";"0,450501427";"0,064230391"
b3_p20_h20;В конце января Иван Алексеевич выехал в Вешенскую по вызову председателя окружного ревкома. К вечеру он должен был вернуться. Его ждали. Мишка сидел в;"0,481471155";"0,358584307";"0,392259559";"0,426527213";"0,364322524";"0,474850508";"0,360738191";"0,392379614";"0,413649291";"0,393511355";"0,405829372";"0,044070709"
b3_p21_h21;"Снег падал и таял на лету. В полдень в ярах с глухим шумом рушились снежные оползни. За Доном шумел лес. Стволы дубов оттаяли, почернели. С ветвей сры";"0,521081991";"0,442669617";"0,455087403";"0,439553248";"0,418404522";"0,505245793";"0,471170143";"0,528368669";"0,459080793";"0,4385715";"0,467923368";"0,037833254"
b3_p22_h22;"Вокруг хуторского ревкома сгруппировалось несколько человек: Давыдка-вальцовщик, Тимофей, бывший моховский кучер Емельян и рябой чеботарь Филька. На н";"0,473510906";"0,342096991";"0,346148704";"0,395705169";"0,357283252";"0,466164331";"0,391485916";"0,403889429";"0,371587976";"0,420335974";"0,396820865";"0,046049251"
b3_p23_h23;"Петро только что наметал скотине и вошел в курень, выбирая из варежек сенные остья. Сейчас же звякнула щеколда в сенцах.
Закутанная в черный ковровый ";"0,491668822";"0,399067464";"0,409148571";"0,430506543";"0,244988185";"0,455550078";"0,445111603";"0,430717485";"0,427613962";"0,480055167";"0,421442788";"0,068382025"
b3_p24_h24;"Из глубоких затишных омутов сваливается Дон на россыпь. Кучеряво вьется там течение. Дон идет вразвалку, мерным тихим разливом. Над песчаным твердым д";"0,555104834";"0,408338252";"0,444802257";"0,478541506";"0,452015752";"0,553609393";"0,439934464";"0,43120048";"0,475101524";"0,491060855";"0,472970932";"0,049280953"
b3_p25_h25;"Кошевой, задумчиво похлопывая плеткой по голенищу, уронив голову, медленно всходил по порожкам моховского дома. Около дверей в коридоре, прямо на полу";"0,469252349";"0,408010293";"0,390564147";"0,415100643";"0,368110436";"0,523582256";"0,454507104";"0,369603682";"0,422138643";"0,417479745";"0,42383493";"0,047698379"
b3_p26_h26;Григория заставили из Боковской ехать в Чернышевскую. Вернулся он через полторы недели. А за два дня до его приезда арестовали отца. Пантелей Прокофье;"0,337008629";"0,317074219";"0,251958724";"0,33730978";"0,34415557";"0,404813419";"0,335150871";"0,330478896";"0,352416785";"0,398416609";"0,34087835";"0,042405737"
b3_p27_h27;"На второй день после приезда с Сингина Кошевой отправился в Вешенскую узнать, когда будет собрание комячейки. Он, Иван Алексеевич, Емельян, Давыдка и ";"0,483429965";"0,358756648";"0,304418801";"0,377465802";"0,287383365";"0,397844882";"0,411335865";"0,349638113";"0,406829421";"0,425698424";"0,380280129";"0,0581907"
b3_p28_h28;"В кизячнике густо пахнет сухим навозом, выпревшей соломой, объедьями сена. Сквозь чакановую крышу днем сочится серый свет. В хворостяные ворота, как с";"0,477538083";"0,347346129";"0,368974986";"0,452896942";"0,332608716";"0,459080028";"0,397587124";"0,355134739";"0,426202202";"0,375063424";"0,399243237";"0,051530608"
b3_p29_h29;"На рассвете, измученный, Кошевой въехал в хутор Большой Усть-Хоперской станицы. Его остановила застава 4-го Заамурского полка. Двое красноармейцев отв";"0,575992382";"0,506736309";"0,483439239";"0,502351849";"0,476762263";"0,525266283";"0,509152719";"0,539775132";"0,51090284";"0,495890331";"0,512626935";"0,028839763"
b3_p30_h30;"В Татарском в день приезда Григория уже сформировались две сотни казаков. На сходе постановили мобилизовать всех способных носить оружие, от шестнадца";"0,580800346";"0,466624859";"0,466268618";"0,443889968";"0,447946747";"0,520668545";"0,460412833";"0,487637798";"0,508021081";"0,44012083";"0,482239163";"0,043818838"
b3_p31_h31;"В Вешенской к красному кирпичному зданию исполкома резво подкатила тачанка, конвоируемая двумя конными казаками. В задке полулежал Лихачев. Он встал, ";"0,540353238";"0,527492185";"0,435615236";"0,548713197";"0,484138849";"0,559673706";"0,520108652";"0,503371329";"0,496481046";"0,516768305";"0,513271574";"0,03599852"
b3_p32_h32;"Из-за Дона, с верховьев, со всех краев шли вести о широком разливе восстания. Поднялось уже не два станичных юрта. Шумилинская, Казанская, Мигулинская";"0,729346618";"0,69376455";"0,600364615";"0,741198943";"0,600456228";"0,708347796";"0,673868465";"0,686322383";"0,684364434";"0,70112082";"0,681915485";"0,047549367"
b3_p33_h33;Григорий с полусотней потрепал обоз первого разряда заамурцев. Восемь красноармейцев было зарублено. Взято четыре подводы с патронами и две верховые л;"0,527295367";"0,409256224";"0,40519136";"0,431074284";"0,295920234";"0,457847708";"0,430798338";"0,401862642";"0,463305663";"0,447401008";"0,426995283";"0,059048305"
b3_p34_h34;"На заре разведка, посланная к Красному яру, вернулась с известием, что красных не обнаружено до Еланской грани и что Петро Мелехов с десятью казаками ";"0,483302431";"0,437778711";"0,476046287";"0,473316625";"0,380126994";"0,480420152";"0,438827413";"0,524185492";"0,451645581";"0,44714981";"0,45927995";"0,038102317"
b3_p35_h35;Приказом командующего объединенными повстанческими силами Верхнего Дона Григорий Мелехов назначен был командиром Вешенского полка. Десять сотен казако;"0,485840847";"0,495595559";"0,446308804";"0,550806143";"0,451567586";"0,533258907";"0,45949203";"0,486478034";"0,506970508";"0,439276847";"0,485559526";"0,037431565"
b3_p36_h36;Из Каргинской Григорий повел на Боковскую уже три с половиной тысячи сабель. Вдогон ему штаб и окрисполком слали нарочными приказы и распоряжения. Оди;"0,655731631";"0,553967873";"0,547568269";"0,571440948";"0,552052603";"0,583103112";"0,573749298";"0,554484561";"0,605504329";"0,561375946";"0,575897857";"0,033078815"
b3_p37_h37;"Весна отворяла жилы рек. Ядренее становились дни, звучнее нагорные зеленые потоки. Солнце приметно порыжело, слиняла на нем немощно-желтая окраска. Ос";"0,515748012";"0,446969929";"0,475697233";"0,554553935";"0,37735001";"0,503798338";"0,479301303";"0,441475087";"0,484672465";"0,419171237";"0,469873755";"0,050804975"
b3_p38_h38;"Полой водой взбугрилось и разлилось восстание, затопило все Обдонье, задонские степные края на четыреста верст в окружности. Двадцать пять тысяч казак";"0,619646008";"0,478926663";"0,50612883";"0,542109801";"0,461062426";"0,559347835";"0,546081693";"0,513789156";"0,498715567";"0,524687978";"0,525049596";"0,045041139"
b3_p39_h39;"После бегства из Татарского Штокман, Кошевой, Иван Алексеевич и еще несколько казаков, служивших милиционерами, пристали к 4-му Заамурскому полку. Пол";"0,559850541";"0,360171425";"0,358423742";"0,510192617";"0,336980198";"0,480731579";"0,425625685";"0,373793421";"0,440580063";"0,432159614";"0,427850889";"0,072851687"
b4_p1_h1;"Верхнедонское восстание, оттянувшее с Южного фронта значительное количество красных войск, позволило командованию Донской армии не только свободно про";"0,596490931";"0,43141834";"0,40414683";"0,543333793";"0,435874195";"0,465666719";"0,509249525";"0,484534144";"0,476272444";"0,48456025";"0,483154717";"0,056429876"
b4_p2_h2;"В эту ночь около хутора Малого Громчонка полк красноармейцев переправился через Дон на сбитых из досок и бревен плотах.
Громковская сотня была застигн";"0,602307161";"0,444467658";"0,471734426";"0,555119675";"0,497728406";"0,564391676";"0,53553549";"0,492953435";"0,546089179";"0,549839395";"0,52601665";"0,047948013"
b4_p3_h3;"Поздно ночью Григорий пришел из штаба на квартиру. Прохор Зыков ожидал его у калитки.
— Про Аксинью не слышно? — спросил Григорий с деланным равнодуши";"0,420177344";"0,349165806";"0,329165452";"0,345004564";"0,320808558";"0,349630264";"0,364074306";"0,333713123";"0,392344825";"0,410693271";"0,361477751";"0,034736442"
b4_p4_h4;"Каждый день Ильинична просыпалась чуть свет, доила корову и начинала стряпаться. Печь в доме не топила, а разводила огонь в летней кухне, готовила обе";"0,43838094";"0,349108788";"0,1925716";"0,365280086";"0,291889224";"0,380365091";"0,369524527";"0,307863906";"0,363256816";"0,414017609";"0,347225859";"0,069507605"
b4_p5_h5;Под командованием генерала Секретева трехтысячная конная группа Донской армии при шести конных орудиях и восемнадцати вьючных пулеметах 10 июня сокруш;"0,625010538";"0,531046993";"0,537081772";"0,547949361";"0,505161108";"0,57905529";"0,51198275";"0,483235525";"0,552516172";"0,611166119";"0,548420563";"0,045505927"
b4_p6_h6;"Тотчас же, как только в Вешенской стало известно о спешном отступлении красных частей, Григорий Мелехов с двумя конными полками вплавь переправился че";"0,428035912";"0,307495051";"0,331927026";"0,398662397";"0,33877032";"0,37115554";"0,374639318";"0,338690853";"0,355186389";"0,346135849";"0,359069866";"0,035148568"
b4_p7_h7;"Генерала Секретева, приехавшего в Вешенскую со штабными офицерами и сотней казаков личного конвоя, встречали хлебом-солью, колокольным звоном. В обеих";"0,525742382";"0,380448986";"0,408166798";"0,421913908";"0,380665344";"0,470651709";"0,435668116";"0,460787213";"0,451006413";"0,39103601";"0,432608688";"0,046093913"
b4_p8_h8;"Темны июньские ночи на Дону. На аспидно-черном небе в томительном безмолвии вспыхивают золотые зарницы, падают звезды, отражаясь в текучей быстрине До";"0,426494749";"0,289259223";"0,302420779";"0,37281641";"0,277310726";"0,385207417";"0,343622345";"0,302987072";"0,330163834";"0,304411174";"0,333469373";"0,04811865"
b4_p9_h9;"Бой шел на подступах к станице Усть-Медведицкой. Глухой орудийный гул заслышал Григорий, выбравшись с летника на Гетманский шлях.
Всюду по шляху видне";"0,626415103";"0,544057683";"0,542606159";"0,594813089";"0,490229153";"0,607510345";"0,544093142";"0,535923585";"0,620487575";"0,563884508";"0,567002034";"0,043869855"
b4_p10_h10;"На рассвете его разбудил Копылов.
— Вставай, пора собираться, ехать! Приказано ведь быть к шести часам.
Начальник штаба только что побрился, вычистил ";"0,509168536";"0,411494526";"0,429435749";"0,464154982";"0,348194072";"0,430741559";"0,385459323";"0,402080806";"0,438559248";"0,393213535";"0,421250234";"0,044589516"
b4_p11_h11;"Казачьи сотни четвертый раз вставали из неглубоких окопов и под убийственным пулеметным огнем красных залегали снова. Красноармейские батареи, укрытые";"0,656907981";"0,52354205";"0,535682394";"0,587283946";"0,518991674";"0,600062831";"0,575670216";"0,579463587";"0,631153275";"0,613770202";"0,582252816";"0,045909747"
b4_p12_h12;"Дня через три после отъезда Григория явился в хутор Татарский Митька Коршунов. Приехал он не один, его сопровождали двое сослуживцев по карательному о";"0,527400064";"0,373039943";"0,413751334";"0,523562452";"0,39408996";"0,501253403";"0,426093682";"0,419733097";"0,509973046";"0,450971874";"0,453986885";"0,057075214"
b4_p13_h13;"Удивительно, как изменилась жизнь в семье Мелеховых! Совсем недавно Пантелей Прокофьевич чувствовал себя в доме полновластным хозяином, все домашние е";"0,415102789";"0,338790809";"0,299667789";"0,469768653";"0,338000402";"0,380152117";"0,414522911";"0,319893205";"0,378867537";"0,376487418";"0,373125363";"0,051155254"
b4_p14_h14;"На другой день вернулись с поля косари. Пантелей Прокофьевич решил с обеда начинать возку сена. Дуняшка погнала к Дону быков, а Ильинична и Наталья пр";"0,46236948";"0,455699058";"0,377673465";"0,553199022";"0,422360191";"0,502287826";"0,491384384";"0,480377223";"0,500299961";"0,54572302";"0,479137363";"0,053127929"
b4_p15_h15;"Стремительно преследуя отступавшего от Усть-Медведицкой противника, объединенные части Донской армии и верхнедонских повстанцев шли на север. Под хуто";"0,666989596";"0,574488849";"0,56304684";"0,57657046";"0,548956366";"0,623969328";"0,613021512";"0,544062234";"0,584962968";"0,553327358";"0,584939551";"0,038969726"
b4_p16_h16;"Несколько дней после разговора с Дарьей Наталья жила, испытывая такое ощущение, какое бывает во сне, когда тяжко давит дурной сон и нет сил очнуться. ";"0,396141142";"0,283289862";"0,157456609";"0,331355605";"0,25782585";"0,277884904";"0,33663356";"0,23210542";"0,324201574";"0,327646231";"0,292454076";"0,066519996"
b4_p17_h17;"Многое передумал и вспомнил Григорий за двое суток пути от фронта до родного хутора… Чтобы не оставаться в степи одному со своим горем, с неотступными";"0,325715172";"0,230659574";"0,237956638";"0,289989426";"0,248568168";"0,31317152";"0,302277644";"0,257336589";"0,304391195";"0,259441494";"0,276950742";"0,034017355"
b4_p18_h18;"Григорий страдал не только потому, что он по-своему любил Наталью и свыкся с ней за шесть лет, прожитых вместе, но и потому, что чувствовал себя винов";"0,50362002";"0,375045324";"0,383953056";"0,464968496";"0,333321468";"0,468293984";"0,396016798";"0,348940743";"0,4224769";"0,381219162";"0,407785595";"0,055600798"
b4_p19_h19;"Небо заволокло тучами. Накрапывал мелкий, будто сквозь сито сеянный, дождь. Молодая отава, бурьяны, раскиданные по степи кусты дикого терна блестели.
";"0,6095919";"0,529444386";"0,557994373";"0,590445942";"0,53825703";"0,618998109";"0,599075237";"0,550020673";"0,564134856";"0,552501445";"0,571046395";"0,031193076"
b4_p20_h20;"Донская армия, выйдя за границу Хоперского округа, вновь, как в 1918 году, утратила наступательную силу своего движения. Казаки-повстанцы Верхнего Дон";"0,840573076";"0,746914385";"0,754810584";"0,75605533";"0,803404439";"0,7945949";"0,748350198";"0,773917445";"0,741819833";"0,795942535";"0,775638272";"0,03213295"
b4_p21_h21;"Мелеховская семья за один год убавилась наполовину. Прав был Пантелей Прокофьевич, сказав однажды, что смерть возлюбила их курень. Не успели похоронит";"0,435492372";"0,292097953";"0,266767274";"0,383791069";"0,319698479";"0,37307762";"0,364834616";"0,330500214";"0,388806325";"0,380960058";"0,353602598";"0,050680756"
b4_p22_h22;"Четырнадцать изловленных дезертиров ждали суда. Суд был короткий и немилостивый. Престарелый есаул, председательствовавший на заседаниях, спрашивал у ";"0,591931803";"0,482583952";"0,467163452";"0,535069932";"0,469347711";"0,53982444";"0,460303635";"0,517870612";"0,525960911";"0,520164781";"0,511022123";"0,041297482"
b4_p23_h23;"17 сентября части ударной группы Шорина, сделав тридцативерстный переход, вплотную подошли к Дону. С утра 18-го красные батареи загремели от устья Мед";"0,855896598";"0,790555362";"0,76026485";"0,800920378";"0,820385592";"0,833090432";"0,814335172";"0,804470033";"0,819228092";"0,871110973";"0,817025748";"0,031722962"
b4_p24_h24;"Две с половиной недели Пантелей Прокофьевич благополучно прожил с семьей в хуторе Латышевом и, как только услышал, что красные отступили от Дона, собр";"0,498280454";"0,304449559";"0,403516404";"0,495009233";"0,385405544";"0,476190556";"0,422320817";"0,382851982";"0,456511906";"0,43664166";"0,426117811";"0,059956588"
b4_p25_h25;"Через месяц Григорий выздоровел. Впервые поднялся он с постели в двадцатых числах ноября и — высокий, худой, как скелет, — неуверенно прошелся по комн";"0,360971333";"0,234100282";"0,254725751";"0,298329745";"0,247340653";"0,298692428";"0,275051663";"0,245593088";"0,306680201";"0,25236394";"0,277384909";"0,038972166"
b4_p26_h26;"— Ну, война кончилась! Пихнули нас красные так, что теперича до самого моря будем пятиться, пока не упремся задом в соленую воду, — сказал Прохор, ког";"0,409210529";"0,306848115";"0,330508771";"0,328412842";"0,287931227";"0,375704986";"0,303884096";"0,309559657";"0,31565539";"0,320669639";"0,328838525";"0,036592355"
b4_p27_h27;"Дни потянулись серые и безрадостные. Оставив Аксинью, Григорий сразу утратил интерес к окружающему. С утра садился в сани, ехал по раскинувшейся бескр";"0,602148289";"0,44079399";"0,473466085";"0,586802899";"0,435115991";"0,548948238";"0,540344125";"0,471432593";"0,534070286";"0,530861669";"0,516398417";"0,058359206"
b4_p28_h28;"За всю дорогу до самой станицы Абинской Григорию запомнилось только одно; беспросветной темной ночью очнулся он от резкого, пронизывающего насквозь хо";"0,577761945";"0,478091832";"0,464822942";"0,518699855";"0,418130277";"0,591541215";"0,490951937";"0,472213152";"0,495214429";"0,542354011";"0,504978159";"0,053353499"
b4_p29_h29;"Соленый, густой, холодный ветер дул с моря. Запах неведомых чужих земель нес он к берегу. Но для донцов не только ветер — все было чужое, неродное в э";"0,556600765";"0,502335078";"0,494371756";"0,465154343";"0,512172394";"0,522844039";"0,491143482";"0,515484803";"0,447335023";"0,509949217";"0,50173909";"0,030341707"
;;;;;;;;;;;;"0,518516502";
