name;short_text;ATolstoy;Sholokhov;Krukov
Tihiy_Don_145;Кошевой, задумчиво похлопывая плеткой по голенищу, уронив голову, медленно всходил по порожкам моховского дома. Около дверей в коридоре, прямо на полу;0.008877047654169414;0.050935476003726166;0.002549313389351782
Tihiy_Don_111;Полая вода только что начала сбывать. На лугу, около огородных плетней, оголилась бурая, илистая земля, каймой лежал наплав: оставшиеся от разлива обл;0.002022738886938106;0.05254212281479436;0.002111663311528862
Tihiy_Don_124;15 мая атаман Всевеликого войска Донского Краснов, сопутствуемый председателем совета управляющих, управляющим отделом иностранных дел генерал-майором;0.3731071956003972;0.0002641729613901644;0.03782965676350514
Tihiy_Don_130;Цепь дней. Звено, вкованное в звено. Переходы, бои, отдых. Жара. Дождь. Смежные запахи конского пота и нагретой кожи седла. В жилах от постоянного нап;0.00860343121000827;0.002843541023663593;0.0017692509691176466
Tihiy_Don_198;Удивительно, как изменилась жизнь в семье Мелеховых! Совсем недавно Пантелей Прокофьевич чувствовал себя в доме полновластным хозяином, все домашние е;0.0015440890443532507;0.19786709772806552;0.0008774002569531927
Tihiy_Don_167;По хутору Бахмуткину гасли последние огни. Легкий морозец тончайшей пленкой льда крыл лужицы. Где-то за хутором, за толокой, на прошлогодней стерне оп;0.004140564209119109;0.01998635334259396;0.0009738552738061373
Tihiy_Don_1;В предпоследнюю турецкую кампанию вернулся в хутор казак Мелехов Прокофий. Из Туретчины привел он жену - маленькую, закутанную в шаль женщину. Она пря;0.0005280138422251302;0.06909591809469508;0.0036794214822328617
Tihiy_Don_85;Кинутые на Петроград части 3-го конного корпуса и Туземной дивизии эшелонировались на огромном протяжении восьми железных дорог: Ревель, Везенберг, На;0.0015969190543925892;0.00113109541117174;0.0016338918059638464
Tihiy_Don_53;Из этого после сделали подвиг. Крючков, любимец командира сотни, по его реляции получил Георгия. Товарищи его остались в тени. Героя отослали в штаб д;0.03736627645497028;0.002529423570675419;0.01393799141080464
Tihiy_Don_97;"С крыш падали пожелтевшие от соломы сосульки, разбивались со стеклянным звоном. В хуторе лужинами и проталинами цвела оттепель; по улицам, принюхиваяс";0.0019001419175764336;0.03356974618207141;0.002219098756648018
Tihiy_Don_57;Операция по захвату города началась рано утром. Пехотные части, имея на флангах и в резерве кавалерию, должны были повести наступление от леса с рассв;0.027257218361104302;0.0028229031320756853;0.001281657244244799
Tihiy_Don_52;В местечке Торжок полк разбили по сотням. Шестая сотня, на основании приказа штаба дивизии, была послана в распоряжение Третьего армейского пехотного ;0.00559140916820009;0.01022334903899658;0.0005328238095448547
Tihiy_Don_59;"Дивизия получила задание форсировать реку Стырь и около Ловишчей выйти противнику в тыл.
Листницкий за несколько дней сжился с офицерским составом пол";0.02618250943362992;0.0035084330659838265;0.002929644341550598
Tihiy_Don_40;"Григорий вернулся из Миллерова, куда отвозил Евгения, в вербное воскресенье. Оттепель съела снег; дорога испортилась в каких-нибудь два дня.
В Ольхово";0.001951112656331681;0.02947611897481028;0.0020113755227842986
Tihiy_Don_193;Темны июньские ночи на Дону. На аспидно-черном небе в томительном безмолвии вспыхивают золотые зарницы, падают звезды, отражаясь в текучей быстрине До;0.0007237193121605121;0.3505751783307052;0.0014162556412450724
Tihiy_Don_113;В Каргинскую приехали перед вечером. В станице уже не было фронтовиков - ушли на Мигулинскую. Петро, спешив свой отряд на площади, возле магазина купц;0.00128152281899944;0.0028595688175449712;0.001980346780964889
Tihiy_Don_223;Григорию тяжело было встречаться с Кошевым. Отношения их определились с первого дня, и разговаривать им было больше не о чем, да и не к чему. По всей ;0.003098764572641212;0.0682341452222825;0.0033872033597859767
Tihiy_Don_171;"На другой день, перед отъездом Григорий коротко объяснился с Натальей. Она отозвала его в сторону, шепотом спросила:
- Куда ночью ходил? Откель это та";0.001212756258568948;0.4250508136548729;0.0015558604258806966
Tihiy_Don_87;В последних числах октября, рано утром, есаул Листницкий получил распоряжение от командира полка - с сотней в пешем строю явиться на Дворцовую площадь;0.012707825622447896;0.004865159238907078;0.0042487026601619226
Tihiy_Don_179;22 мая началось отступление повстанческих войск по всему правобережью. Части отходили с боем, задерживаясь на каждом рубеже. Население хуторов степной;0.0005546729007082987;0.07721958095956627;0.001712012118221835
Tihiy_Don_92;Новочеркасск стал центром притяжения для всех бежавших от большевистской революции. Стекались в низовья Дона большие генералы, бывшие вершители судеб ;0.43871183306652384;0.0020378793567350896;0.10103815069923514
Tihiy_Don_103;Наутро Григорий проснулся позже всех. Разбудило его громкое, как весной, чулюканье воробьев под застрехами крыши и за наличниками окон. В щелях ставне;0.0009729552959911908;0.05597343753726868;0.0016895239239595884
Tihiy_Don_46;Где-то позади, в сером слизистом тумане осталась длинная дорога от Маньково-Калитвенской слободы до местечка Радзивиллово. Пытался Григорий вспомнить ;0.0008778840914365082;0.015451992354312345;0.011853297553520156
Tihiy_Don_95;25 ноября в полдень к Ростову были стянуты из Новочеркасска войска Каледина. Началось наступление. Вдоль линии железной дороги, по обе стороны насыпи,;0.0273781814566482;0.0004993380328442437;0.00045922527178869003
Tihiy_Don_70;"На другой день утром смущенный вахмистр вошел в землянку Листницкого; помявшись, сообщил:
- Нынче утром казаки, ваше благородие, нашли в окопах вот эт";0.0013308641004487983;0.0021482334033357878;0.008661651907825134
Tihiy_Don_209;Две с половиной недели Пантелей Прокофьевич благополучно прожил с семьей в хуторе Латышевом и, как только услышал, что красные отступили от Дона, собр;0.0005175852856881337;0.17645901804604192;0.001493995575645619
Tihiy_Don_137;В полдень через хутор спешным маршем прошел 6-й Мценский краснознаменный полк, захватив кое у кого из казаков строевых лошадей. За бугром далеко погро;0.0017043218007472675;0.05507617288063067;0.001670188597542965
Tihiy_Don_210;Через месяц Григорий выздоровел. Впервые поднялся он с постели в двадцатых числах ноября и - высокий, худой, как скелет, - неуверенно прошелся по комн;0.0006284580166841966;0.6995148244636096;0.0015289219091981546
Tihiy_Don_191;Тотчас же, как только в Вешенской стало известно о спешном отступлении красных частей, Григорий Мелехов с двумя конными полками вплавь переправился че;0.0014527776028718685;0.25223751047809545;0.001875380957769584
Tihiy_Don_61;Мелеховы на двенадцатый день после известия о смерти Григория получили от Петра два письма сразу. Дуняшка еще на почте прочитала их и - то неслась к д;0.0009728720265505537;0.04001072198900572;0.006931946509334886
Tihiy_Don_159;После бегства из Татарского Штокман, Кошевой, Иван Алексеевич и еще несколько казаков, служивших милиционерами, пристали к 4-му Заамурскому полку. Пол;0.004198747696734142;0.1730180358961649;0.006592719334629089
Tihiy_Don_2;Редкие в пепельном рассветном небе зыбились звезды. Из-под туч тянул ветер. Над Доном на дыбах ходил туман и, пластаясь по откосу меловой горы, сполза;0.0014266428451119412;0.021487101978130564;0.0019471697773873304
Tihiy_Don_66;На Юго-Западном фронте в районе Шевеля командование армии решило грандиозной кавалерийской атакой прорвать фронт противника и кинуть в тыл ему большой;0.0009362450406884816;0.001120374429027516;0.0004368817177193748
Tihiy_Don_173;Над хутором Сингином Вешенской станицы в апрельский полдень появился аэроплан. Привлеченные глухим рокотом мотора, детишки, бабы и старики выбежали из;0.0009297550484494619;0.1632515448914394;0.006016382045569775
Tihiy_Don_120;Мишка Кошевой и Валет только на вторую ночь вышли из Каргинской. Туман пенился в степи, клубился в балках, ник в падинах, лизал отроги Яров. Опушенные;0.002717662749431975;0.046277093700350484;0.008669604832453987
Tihiy_Don_15;"- Петру скажи, чтобы запрягал кобылу и своего коня.
Григорий вышел на баз. Петро выкатывал из-под навеса сарая бричку.
- Батя велит запрягать кобылу и";0.0008481112421267426;0.29014229605820313;0.0018381635857129851
Tihiy_Don_201;Несколько дней после разговора с Дарьей Наталья жила, испытывая такое ощущение, какое бывает во сне, когда тяжко давит дурной сон и нет сил очнуться. ;0.0007280692735337949;0.4953239722866045;0.0016024433460689366
Tihiy_Don_6;"Возле лобастого, с желтой песчаной лысиной кургана остановились ночевать.
С запада шла туча. С черного ее крыла сочился дождь. Поили коней в пруду. На";0.003517377955216369;0.4607650511286335;0.029208454721485793
Tihiy_Don_176;Пленных пригнали в Татарский часов в пять дня. Уже близки были быстротечные весенние сумерки, уже сходило к закату солнце, касаясь пылающим диском кра;0.00323386667513009;0.0051353271181606795;0.001095515321992366
Tihiy_Don_228;Весною, когда разливается Дон и полая вода покрывает всю луговую пойму, против хутора Рубежного остается незатопленным небольшой участок высокого лево;0.0022513288262612755;0.0672786012735862;0.0012717552732110413
Tihiy_Don_199;На другой день вернулись с поля косари. Пантелей Прокофьевич решил с обеда начинать возку сена. Дуняшка погнала к Дону быков, а Ильинична и Наталья пр;0.005953256691944872;0.12252322196545735;0.0044083724756118475
Tihiy_Don_86;"31 августа в Петрограде застрелился вызванный туда Керенским генерал Крымов.
С повинной потекли в Зимний дворец делегации и командиры частей крымовско";0.6062349367370231;0.0032764531602730764;0.003641842407500708
Tihiy_Don_117;На западе густели тучи. Темнело. Где-то далеко-далеко, в полосе Обдонья, вилась молния, крылом недобитой птицы трепыхалась оранжевая зарница. В той ст;0.0011800274563151586;0.006234952257219561;0.011559735509131846
Tihiy_Don_108;С отрядом Голубова, двинувшимся кружным путем для захвата Новочеркасска, выехал и Бунчук. Двадцать третьего февраля они выбрались из Шахтной, прошли с;0.008347470121015181;0.0013881709141836196;0.0012328516583201786
Tihiy_Don_226;К заре слегка приморозило. Лужи затянуло сизым ледком. Снег стал жесткий, звучно хрустящий. На зернистой снежной целине копыта лошадей оставляли неясн;0.0030904235257185443;0.5202421489662434;0.003606201577826257
Tihiy_Don_29;С давних пор велось так: если по дороге на Миллерово ехал казак один, без товарищей, то стоило ему при встрече с украинцами (слободы их начинались от ;0.015847784828417092;0.08901482484149913;0.028398749625153145
Tihiy_Don_28;Григорий с женой выехали пахать за три дня до покрова. Пантелей Прокофьевич прихворнул: опираясь на костыль, охая от боли, ломавшей поясницу, вышел пр;0.0007419563254304855;0.03482011244963922;0.0014049531073929676
Tihiy_Don_232;Ранней весною, когда сойдет снег и подсохнет полегшая на зиму трава, в степи начинаются весенние палы. Потоками струится подгоняемый ветром огонь, жад;0.0016178550005144954;0.03764895819720703;0.004340184110868625
Tihiy_Don_136;"Далеко за Доном - время перевалило уже за обед - пулемет глухо выщелкал две очереди и смолк.
Через полчаса Григорий, не отходивший от окна в горнице, ";0.00234380841826953;0.093643157168463;0.0008820703826786859
Tihiy_Don_88;Теплилась осень. Перепадали дожди. Над Быховом редко показывалось обескровленное солнце. В октябре начался отлет дикой птицы. Даже ночами звенел над п;0.055529676863226;0.0005636073109294258;0.003486196062098566
Tihiy_Don_37;Сотник Евгений Листницкий служил в лейб-гвардии Атаманском полку. На офицерских скачках разбился, переломил в предплечье левую руку. После лазарета вз;0.0004773185597304665;0.016317691743028245;0.0019292874786728214
Tihiy_Don_58;В первых числах августа сотник Евгений Листницкий решил перевестись из лейб-гвардии Атаманского полка в какой-либо казачий армейский полк. Он подал ра;0.001601936465754255;0.001423147642623364;0.006795965519371601
Tihiy_Don_186;Верхнедонское восстание, оттянувшее с Южного фронта значительное количество красных войск, позволило командованию Донской армии не только свободно про;0.0003518249250379657;0.020978843360429995;0.0004984929779770007
Tihiy_Don_7;"Аксинью выдали за Степана семнадцати лет. Взяли ее с хутора Дубровки, с той стороны Дона, с песков.
За год до выдачи осенью пахала она в степи, верст ";0.0019571586361479053;0.01758781513048566;0.002802960900950077
Tihiy_Don_76;Первую бригаду одной из пехотных дивизий, находившуюся в резерве Юго-Западного фронта, с приданным к ней 27-м Донским казачьим полком, перед Февральск;0.0012973454700424493;0.009063438820683237;0.00513850633364509
Tihiy_Don_65;Вагон мягко покачивает, перестук колес убаюкивающе сонлив, от фонаря до половины лавки желтая вязь света. Так хорошо вытянуться во весь рост и лежать ;0.014297092965626488;0.0021912660471764315;0.0020000262329743024
Tihiy_Don_109;В марте Бунчук был послан на работу в Революционный трибунал при Донском ревкоме. Высокий, тусклоглазый, испитой от работы и бессонных ночей, председа;0.025532518170884155;0.0025227525739883205;0.00037615758651158237
Tihiy_Don_102;Слепяще-яркий снеговой хребет бугра, облитый глазурью солнца и синью безоблачного дня, белел, сахарно искрился. Под ним пестрым лоскутным одеялом лежа;0.0006443225878030412;0.06589545281282794;0.0037182652077890244
Tihiy_Don_183;Двое суток прожили они как во сне, перепутав дни и ночи, забыв об окружающем. Иногда Григорий просыпался после короткого дурманящего сна и видел в пол;0.0015774538648489964;0.3771988522821008;0.006582130873459739
Tihiy_Don_154;На заре разведка, посланная к Красному яру, вернулась с известием, что красных не обнаружено до Еланской грани и что Петро Мелехов с десятью казаками ;0.0026564489187631693;0.01519481436665336;0.00252994890140902
Tihiy_Don_221;-Дуняшка поднялась рано - надо было доить корову. В кухне осторожно ходил, покашливал Григорий. Прикрыв детишек одеялом, Дуняшка проворно оделась, вош;0.001562127473302945;0.2830516264270394;0.0022515043387094443
Tihiy_Don_181;За день на левую сторону Дона были переброшены все повстанческие части и беженцы. Последними переправлялись конные сотни Вешенского полка 1-й дивизии ;0.0035764903101588195;0.04003346759717838;0.0010026197120922044
Tihiy_Don_104;После того как калединцы потрепали революционные казачьи части, Донской ревком, вынужденный перебраться в Миллерово, отправил на имя руководителя боев;0.036378957268440745;0.000536591393298014;0.004078746409692489
Tihiy_Don_162;Наутро, проснувшись, Григорий вспомнил разговор с Ермаковым и Медведевым. Он не был ночью уж настолько пьян и без особого напряжения восстановил в пам;0.006586067428012708;0.0943636125188432;0.04007631552334052
Tihiy_Don_67;"К глазной лечебнице доктора Снегирева примыкал маленький садик.
Таких неуютных стриженых садов много по окраинным переулкам Москвы, в них не отдыхает ";0.0005093392737396758;0.0005191518152688196;0.001103888920285308
Tihiy_Don_207;Четырнадцать изловленных дезертиров ждали суда. Суд был короткий и немилостивый. Престарелый есаул, председательствовавший на заседаниях, спрашивал у ;0.003769976490283853;0.2088080851839762;0.010934154500174284
Tihiy_Don_35;Аксинья отстряпалась рано, загребла жар, закутала трубу и, перемыв посуду, выглянула в оконце, глядевшее на баз. Степан стоял возле слег, сложенных ко;0.005453911299143414;0.2362888870430697;0.0009829081033558293
Tihiy_Don_212;Дни потянулись серые и безрадостные. Оставив Аксинью, Григорий сразу утратил интерес к окружающему. С утра садился в сани, ехал по раскинувшейся бескр;0.0011079123938272637;0.022937020704721884;0.0017015566708161207
Tihiy_Don_194;"Бой шел на подступах к станице Усть-Медведицкой. Глухой орудийный гул заслышал Григорий, выбравшись с летника на Гетманский шлях.
Всюду по шляху видне";0.0060665931629697465;0.023044536841886072;0.002028935554607968
Tihiy_Don_214;Соленый, густой, холодный ветер дул с моря. Запах неведомых чужих земель нес он к берегу. Но для донцов не только ветер - все было чужое, неродное в э;0.015443864976524531;0.010259452931616274;0.002689038094354757
Tihiy_Don_164;И еще в одном бою под Климовкой довелось участвовать Григорию. К полудню около крайних дворов завязалась перестрелка. Спустя немного в Климовку сошли ;0.03537332017290521;0.015641140370780668;0.002340231915485907
Tihiy_Don_196;Казачьи сотни четвертый раз вставали из неглубоких окопов и под убийственным пулеметным огнем красных залегали снова. Красноармейские батареи, укрытые;0.0870363429966245;0.045563456335184715;0.0053138877118836
Tihiy_Don_128;"Неподалеку от станицы Дурновской Вешенский полк в первый раз ввязался в бой с отступавшими частями красноармейцев.
Сотня под командой Григория Мелехов";0.006153239891465896;0.01098850650214843;0.0010863886350807297
Tihiy_Don_140;В конце января Иван Алексеевич выехал в Вешенскую по вызову председателя окружного ревкома. К вечеру он должен был вернуться. Его ждали. Мишка сидел в;0.002684011803983513;0.31469397628130963;0.005606458577859643
Tihiy_Don_21;"За невестой в поезжанье нарядили четыре пароконные подводы. По-праздничному нарядные люди толпились на мелеховском базу возле бричек.
Дружко - Петро -";0.0011696656380303034;0.018692000511433413;0.0057848004339910225
Tihiy_Don_170;Григорий Мелехов пять суток прожил в Татарском, за это время посеял себе и теще несколько десятин хлеба, а потом, как только из сотни пришел исхудавши;0.0011755870334650325;0.12915446019312568;0.0012032819961713876
Tihiy_Don_12;"Оставалось полторы недели до прихода казаков из лагерей.
Аксинья неистовствовала в поздней горькой своей любви. Несмотря на угрозы отца, Григорий, тая";0.0013306770489103653;0.04155797550192144;0.020047687133899664
Tihiy_Don_30;Зима легла не сразу. После покрова стаял выпавший снег, и табуны снова выгнали на подножный. С неделю тянул южный ветер, теплело, отходила земля, ярко;0.0005130829411812817;0.1715537943374067;0.0072372893966181654
Tihiy_Don_24;"Сергей Платонович Мохов издалека ведет свою родословную.
В годы царствования Петра I шла однажды в Азов по Дону государева баржа с сухарями и огнестре";0.00024098235609763707;0.0005955552951049463;0.0015158598930950491
Tihiy_Don_110;За приречными вербами разноголосо гомонили лягушки. За бугром валилось через порог солнце. По хутору Сетракову рассасывалась предвечерняя прохлада. От;0.0026732622767754602;0.03442566691489713;0.00394988896907789
Tihiy_Don_84;"Уже 29 августа из телеграмм, получаемых от Крымова, Корнилову стало ясно, что дело вооруженного переворота погибло.
В два пополудни в Ставку прибыл от";0.031388030880997016;0.003966342578210357;0.004303660218501683
Tihiy_Don_168;"12 апреля 1-й Московский полк был жестоко потрепан в бою с повстанцами под хутором Антоновом Еланской станицы.
Плохо зная местность, красноармейские ц";0.07721473193961234;0.05749052729874065;0.0015360705186979124
Tihiy_Don_131;В конце ноября в Новочеркасске стало известно о прибытии военной миссии держав Согласия. По городу пошли упорные слухи о том, что мощная английская эс;0.026916726826294344;0.000307036803018587;0.018316006055049218
Tihiy_Don_219;Вместе с Кириллом Громовым скрылись Ахваткин и тот незнакомый казак, которого видел Кошевой, когда пришел к Громовым. В ночь еще двое казаков исчезли ;0.007654738449966251;0.23112176308273394;0.0015087086804531026
Tihiy_Don_133;Пугающие тишиной, короткие дни под исход казались большими, как в страдную пору. Полегли хутора глухой целинной степью. Будто вымерло все Обдонье, буд;0.0007804037858961366;0.2216287614593987;0.0014507213640790925
Tihiy_Don_180;Дорога по Большому Громку в одном месте шла мимо огорожи, сложенной из серого камня-плитняка, а потом круто заворачивала к Дону, спускалась в неглубок;0.0004760747886787716;0.0359360236350468;0.0008113653337897838
Tihiy_Don_134;В Вешенской на заборах трепыхались фоминские приказы. С часу на час ждали прихода красных войск. А в Каргинской, в тридцати пяти верстах от Вешенской,;0.05228932633743937;0.004379328867594547;0.014643870867495294
Tihiy_Don_8;За два дня до троицы хуторские делили луг. На дележ ходил Пантелей Прокофьевич. Пришел оттуда в обед, кряхтя скинул чирики и, смачно почесывая натруже;0.0014782906383741519;0.14109882262080914;0.0045944259865592545
Tihiy_Don_150;В Татарском в день приезда Григория уже сформировались две сотни казаков. На сходе постановили мобилизовать всех способных носить оружие, от шестнадца;0.061386981423884476;0.009228943281375749;0.002391631210407481
Tihiy_Don_155;Приказом командующего объединенными повстанческими силами Верхнего Дона Григорий Мелехов назначен был командиром Вешенского полка. Десять сотен казако;0.06144295990283414;0.020213792338191358;0.02030353319250568
Tihiy_Don_163;Степным всепожирающим палом взбушевало восстание. Вокруг непокорных станиц сомкнулось стальное кольцо фронтов. Тень обреченности тавром лежала на людя;0.0048137614719225424;0.05975513343930005;0.03059849252810786
Tihiy_Don_77;Через сутки полк был уже неподалеку от фронта. На узловой станции эшелоны остановили. Вахмистры разнесли приказ: «Выгружаться!» Торопливо сводили каза;0.0023735932398426343;0.0169769746461536;0.004230225421268619
Tihiy_Don_60;"Вместе со второй очередью ушла и третья. Станицы, хутора на Дону обезлюдели, будто на покос, на страду вышла вся Донщина.
На границах горькая разгорал";0.002130576547537159;0.008998931539118555;0.005837699318842986
Tihiy_Don_152;Из-за Дона, с верховьев, со всех краев шли вести о широком разливе восстания. Поднялось уже не два станичных юрта. Шумилинская, Казанская, Мигулинская;0.01128201857635173;0.009845931335046463;0.0038652795197059455
Tihiy_Don_34;Наутро Григорий отправился к Мохову в дом. Сергей Платонович пришел из магазина к чаю. Сидел с Атепиным в столовой, оклеенной дорогими, под дуб, обоям;0.00191915734859664;0.016350249810213997;0.004874768312989216
Tihiy_Don_200;Стремительно преследуя отступавшего от Усть-Медведицкой противника, объединенные части Донской армии и верхнедонских повстанцев шли на север. Под хуто;0.009999052467514992;0.019388558519798087;0.001455945228458747
Tihiy_Don_224;Поздней осенью 1920 года, когда в связи с плохим поступлением хлеба по продразверстке были созданы продовольственные отряды, среди казачьего населения;0.0022177410049041245;0.038779526055177385;0.0010137715643287217
Tihiy_Don_48;На площади серая густела толпа. В рядах - лошади, казачья справа, мундиры с разными номерами погонов. На голову выше армейцев-казаков, как гуси голлан;0.0013122243727358522;0.2506050784126268;0.038798466236116096
Tihiy_Don_157;Весна отворяла жилы рек. Ядренее становились дни, звучнее нагорные зеленые потоки. Солнце приметно порыжело, слиняла на нем немощно-желтая окраска. Ос;0.011148827556519242;0.00978652837463306;0.0033066124310232987
Tihiy_Don_174;Двадцать пять коммунистов, выданных повстанцам Сердобским полком, под усиленным конвоем выступили из Усть-Хоперской. О побеге нельзя было и думать. Ив;0.0066279615315753505;0.031359458706399786;0.0018087391263605676
Tihiy_Don_47;Над степью - желтый солнечный зной. Желтой пылью дымятся нескошенные вызревшие заливы пшеницы. К частям косилки не притронуться рукой. Вверх не поднят;0.004609909106840285;0.19877328681655232;0.008485025221067805
Tihiy_Don_122;С Дона через Украину катились красные составы вагонов, увозя в Германию пшеничную муку, яйца, масло, быков. На площадках стояли немцы в бескозырках, в;0.00044519703136528205;0.009558250095030777;0.0011144492482415868
Tihiy_Don_23;Коршуновы приехали уже после того, как жениха с невестой увезли в церковь. Пантелей Прокофьевич до этого выходил за ворота, взглядывался вдоль улицы, ;0.0006735083885538527;0.01253533742586058;0.0022666668406149193
Tihiy_Don_142;Вокруг хуторского ревкома сгруппировалось несколько человек: Давыдка-вальцовщик, Тимофей, бывший моховский кучер Емельян и рябой чеботарь Филька. На н;0.0014457957179584105;0.08871144499648888;0.0016642492125672245
Tihiy_Don_206;Мелеховская семья за один год убавилась наполовину. Прав был Пантелей Прокофьевич, сказав однажды, что смерть возлюбила их курень. Не успели похоронит;0.0008249134675763081;0.16505691698296895;0.0009662894905190203
Tihiy_Don_229;В конце апреля ночью они переправились на баркасе через Дон. В Рубежном у берега их поджидал молодой казак с хутора Нижне-Кривского Кошелев Александр.;0.00347707883344252;0.08404430216420293;0.0007363784441172738
Tihiy_Don_64;Ярко, до слепящей боли, вспомнилась Григорию та ночь. Он очнулся перед рассветом, повел руками, натыкаясь на колючее жнивье, и застонал от садной боли;0.004157822153942802;0.008904391480082112;0.001429734853670724
Tihiy_Don_166;В Татарском было пусто и скучно без казаков. Пешая сотня татарцев на время была придана одному из полков 5-й дивизии, переброшена на левую сторону Дон;0.00029679263748000795;0.7397937765656768;0.002063890597660936
Tihiy_Don_220;На станции Миллерово Григорию - как демобилизованному красному командиру - предоставили обывательскую подводу. По пути к дому он в каждой украинской с;0.0009462860782150397;0.44049635435747775;0.0009586922184202877
Tihiy_Don_14;- …Тоскую по нем, родная бабунюшка. На своих глазыньках сохну. Не успеваю юбку ушивать - что ни день, то шире становится… Пройдет мимо база, а у меня ;0.002330187263773303;0.02102403070406116;0.002382307615402311
Tihiy_Don_106;Шестнадцатого января вечером Бунчук и Анна приехали в Воронеж. Пробыли там два дня и выехали на Миллерово, так как в день отъезда были получены вести,;0.008371040854436778;0.011709996490987678;0.0020656268958255068
Tihiy_Don_94;В течение четырех дней с утра до вечера Бунчук занимался с рабочими, присланными в его распоряжение комитетом партии. Их было шестнадцать. Люди самых ;0.0010397373006066034;0.0034254300461525303;0.0004149596585385467
Tihiy_Don_177;8-я и 9-я красные армии, не смогшие до начала весеннего паводка сломить сопротивление частей Донской армии и продвинуться за Донец, все еще пытались н;0.4352366470540511;0.0008208293285848447;0.003916652025084999
Tihiy_Don_208;17 сентября части ударной группы Шорина, сделав тридцативерстный переход, вплотную подошли к Дону. С утра 18-го красные батареи загремели от устья Мед;0.08818221900411374;0.007333641569355298;0.038014820465891434
Tihiy_Don_32;"Вечером у косой Лукешки в половине Штокмана собирался разный люд; приходил Христоня, с мельницы Валет в накинутом на плечи замасленном пиджаке; скалоз";0.001312487219686858;0.04472727623045199;0.016484105203654058
Tihiy_Don_132;Враждебность, незримой бороздой разделившая офицеров и казаков еще в дни империалистической войны, к осени 1918 года приняла размеры неслыханные. В ко;0.004828792746460709;0.016440483067154166;0.0287568976657164
Tihiy_Don_9;От троицы только и осталось по хуторским дворам: сухой чабрец, рассыпанный на полах, пыль мятых листьев да морщиненная, отжившая зелень срубленных дуб;0.0007521550430289349;0.06330669792222975;0.009845294086121595
Tihiy_Don_116;Несколько дней экспедиция шла в глубь Донецкого округа, прорываясь к Краснокутской станице. Население украинских слобод встречало отряд с неизменным р;0.0008271003744989171;0.06271231501123714;0.0031265200728989523
Tihiy_Don_89;Полк отступал вторые сутки. Медленно, с боями, но отступал. По возвышенным грунтовым дорогам тянулись обозы русской и румынской армий. Объединенные ав;0.005295139312819261;0.002392383826064989;0.0027736778598647462
Tihiy_Don_44;"К просторному суходолу наростом прилипло имение Листницкого - Ягодное. Меняясь, дул ветер то с юга, то с севера; плыло в синеватой белизне неба солнце";0.0007585968791791293;0.003918050876924331;0.0024664709354784947
Tihiy_Don_138;Фронт прошел. Отгремели боевые деньки. В последний день пулеметчики 13-го кавполка перед уходом поставили на широкоспинные тавричанские сани моховский;0.0094344547107038;0.1225162797650577;0.014814701257130318
Tihiy_Don_10;"Не лазоревым алым цветом, а собачьей бесилой, дурнопьяном придорожным цветет поздняя бабья любовь.
С лугового покоса переродилась Аксинья. Будто кто о";0.0008986420166606654;0.11656825811388355;0.0026754629336767323
Tihiy_Don_4;К вечеру собралась гроза. Над хутором стала бурая туча. Дон, взлохмаченный ветром, кидал на берега гребнистые частые волны. За левадами палила небо су;0.0011080448147911897;0.061545278374956824;0.017083003519742113
Tihiy_Don_125;Во время ледяного похода Евгений Листницкий был ранен два раза: первый раз - в бою за овладение станицей Усть-Лабинской, второй - при штурме Екатерино;0.0005555274730424734;0.0020289690677291914;0.0005565394654848673
Tihiy_Don_112;После ухода Кошевого казаки сидели некоторое время молча. Над хутором шатался набатный гуд, мелко дребезжали оконца хаты. Иван Алексеевич смотрел в ок;0.0008260003046748344;0.01872942755630491;0.011066336190912523
Tihiy_Don_81;6 августа начальник штаба верховного главнокомандующего генерал Лукомский, через первого генерал-квартирмейстера Ставки генерала Романовского, получил;0.4940696926886349;0.0012714013005947075;0.0010996811596208323
Tihiy_Don_139;Казакует по родимой степи восточный ветер. Лога позанесло снегом. Падины и яры сровняло. Нет ни дорог, ни тропок. Кругом, наперекрест, прилизанная вет;0.0003559125465557829;0.12376997049051724;0.001607554228940313
Tihiy_Don_187;"В эту ночь около хутора Малого Громчонка полк красноармейцев переправился через Дон на сбитых из досок и бревен плотах.
Громковская сотня была застигн";0.009903905140153204;0.013880470998942669;0.00118599686669509
Tihiy_Don_5;До хутора Сетракова - места лагерного сбора - шестьдесят верст. Петро Мелехов и Астахов Степан ехали на одной бричке. С ними еще трое казаков-хуторян:;0.0031833295694602233;0.026278934753753005;0.01628639543393034
Tihiy_Don_96;"Шесть дней под Ростовом и в самом Ростове шли бои.
Дрались на улицах и перекрестках. Два раза красногвардейцы сдавали Ростовский вокзал и оба раза выб";0.005803038480632312;0.02287202874388439;0.004858504043121735
Tihiy_Don_22;"Отдохнувшие у Коршуновых лошади шли, добираясь до мелеховского база, из последних сил. На ременных шлеях, стекая, клубилась пена.
Подвыпившие кучера г";0.003197899875891084;0.034937808423610515;0.02765032716139433
Tihiy_Don_215;С юга двое суток дул теплый ветер. Сошел последний снег на полях. Отгремели пенистые вешние ручьи, отыграли степные лога и речки. На заре третьего дня;0.00046468453067263066;0.11901717431264927;0.0006622656927523097
Tihiy_Don_158;Полой водой взбугрилось и разлилось восстание, затопило все Обдонье, задонские степные края на четыреста верст в окружности. Двадцать пять тысяч казак;0.000998288401789884;0.03199693770157068;0.0013333969624294466
Tihiy_Don_45;В марте 1914 года в ростепельный веселый день пришла Наталья к свекру. Пантелей Прокофьевич заплетал пушистым сизым хворостом разломанный бугаем плете;0.00035452819145265994;0.03104245301296925;0.002260538707743621
Tihiy_Don_216;К лету в Татарский возвратилось десятка три казаков из числа ходивших в отступление. В большинстве своем это были старики и служивые старших возрастов;0.00164691352712536;0.2571163006625702;0.0034968755279947
Tihiy_Don_11;За хутором Сетраковым в степи рядами вытянулись повозки с брезентовыми будками. Невидимо быстро вырос городок, белокрыший и аккуратный, с прямыми улоч;0.0011765329746191064;0.02620473968273484;0.004817511285625283
Tihiy_Don_161;Станица Каргинская стала опорным пунктом для 1-й повстанческой дивизии. Григорий Мелехов, прекрасно учитывая стратегическую выгодность позиции под Кар;0.010938408939415646;0.0044047683012394525;0.0007518977145007775
Tihiy_Don_13;С того дня, как приезжала баба Томилина, подурнел Степан с лица. Висли на глаза брови, ложбинка глубокая и черствая косо прорезала лоб. Он мало говори;0.00279155151857264;0.19945921779348694;0.0044511742602650825
Tihiy_Don_3;"Григорий пришел с игрищ после первых кочетов. Из сенцев пахнуло на него запахом перекисших хмелин и пряной сухменью богородицыной травки.
На цыпочках ";0.0012715885372250905;0.15860574823190166;0.0019712677490263428
Tihiy_Don_20;"Всходит остролистая зеленая пшеница, растет; через полтора месяца грач хоронится в ней с головой, и не видно; сосет из земли соки, выколосится; потом ";0.0016642130672299446;0.022306858862628412;0.004148175956046626
Tihiy_Don_115;Эти дни он жил, как в тифозном бреду. Ходил, делал что-то, ел, спал, но все это словно в полусне, одуряющем и дурманном. Ошалелыми припухлыми глазами ;0.005574524266495301;0.005590199470880522;0.002368122440640503
Tihiy_Don_39;"У Штокмана стали собираться реже. Подходила весна. Хуторцы готовились к весенней работе; лишь с мельницы приходили Валет с Давыдкой и машинист Иван Ал";0.005083595220462063;0.02393096651828161;0.009836885078306002
Tihiy_Don_126;Вызрел ковыль. Степь на многие версты оделась колышущимся серебром. Ветер упруго приминал его, наплывая, шершавил, бугрил, гнал то к югу, то к западу ;0.0010183492076624948;0.019611754861534655;0.0036658112049693103
Tihiy_Don_43;На шестом месяце, когда скрывать беременность было уже нельзя, Аксинья призналась Григорию. Она скрывала, боясь, что Григорий не поверит в то, что его;0.0011792383532103529;0.02911404718222192;0.010290732991402558
Tihiy_Don_204;"Небо заволокло тучами. Накрапывал мелкий, будто сквозь сито сеянный, дождь. Молодая отава, бурьяны, раскиданные по степи кусты дикого терна блестели.
";0.001973271424651389;0.009314969894776698;0.0025407892061926826
Tihiy_Don_129;И после, когда полк вступил в полосу непрерывных боев, когда вместо завес уже лег изломистой вилюжиной фронт, Григорий всегда, сталкиваясь с неприятел;0.0020350570243698523;0.1041682029757691;0.003480125728937536
Tihiy_Don_73;Сбочь хутора Татарского, по небу, изморщенному седой облачной рябью, колесило осеннее солнце. Там, вверху, тихий ветерок лишь слегка подталкивал тучи,;0.0009467166246604672;0.10942357363142664;0.0008033669960556683
Tihiy_Don_197;Дня через три после отъезда Григория явился в хутор Татарский Митька Коршунов. Приехал он не один, его сопровождали двое сослуживцев по карательному о;0.0007288071350720713;0.06585897083750168;0.0017043094430351465
Tihiy_Don_151;В Вешенской к красному кирпичному зданию исполкома резво подкатила тачанка, конвоируемая двумя конными казаками. В задке полулежал Лихачев. Он встал, ;0.062166284307750064;0.11319706920822005;0.008398593257753677
Tihiy_Don_31;Пантелей Прокофьевич вернулся со схода и прямо прошел в боковушку, комнату, которую он занимал со старухой. Ильинична эти дни прихварывала. На водянис;0.000723826685029627;0.026836948261925342;0.002684870423912309
Tihiy_Don_99;За окном вагона рябила метель. Над полуразрушенным частоколом щитов виднелись прилизанные ветром, затвердевшие сугробы. Изломистые крыши их были причу;0.004837549778930479;0.0008654679701581066;0.025962231307459463
Tihiy_Don_190;Под командованием генерала Секретева трехтысячная конная группа Донской армии при шести конных орудиях и восемнадцати вьючных пулеметах 10 июня сокруш;0.02943700501545132;0.04260443331059093;0.02857058199226444
Tihiy_Don_147;На второй день после приезда с Сингина Кошевой отправился в Вешенскую узнать, когда будет собрание комячейки. Он, Иван Алексеевич, Емельян, Давыдка и ;0.004893937521384929;0.05498772995411532;0.001234991626239765
Tihiy_Don_156;Из Каргинской Григорий повел на Боковскую уже три с половиной тысячи сабель. Вдогон ему штаб и окрисполком слали нарочными приказы и распоряжения. Оди;0.02563843387030756;0.08147638546429678;0.01134464279819488
Tihiy_Don_82;За день до приезда Корнилова в Москву есаул Листницкий прибыл туда с поручением особой важности от Совета союза казачьих войск. Передав в штаб находив;0.11766855503593665;0.0007629511752555383;0.010100575574489516
Tihiy_Don_127;"По линии Филоново - Поворино выравнивался фронт. Красные стягивали силы, копили кулак для удара. Казаки вяло развивали наступление; испытывая острую н";0.00048024594053320706;0.017190578184697502;0.0006198177705369767
Tihiy_Don_93;Изжелта-белые, грудастые, как струги, тихо проплывали над Новочеркасском облака. В вышней заоблачной синеве, прямо над сияющим куполом собора, недвижн;0.0020913633250060877;0.0014171746024317859;0.000559125324212795
Tihiy_Don_18;Коршуновы слыли первыми богачами в хуторе Татарском. Четырнадцать пар быков, косяк лошадей, матки с Провальских заводов, полтора десятка коров, пропас;0.0006987083563451685;0.2430200187083238;0.0027026476911190737
Tihiy_Don_83;В версте от развалин местечка, стертого орудийным огнем июньских боев, возле леса причудливо вилюжились зигзаги окопов. Участок у самой опушки занимал;0.006366957016889621;0.0004789894613202405;0.0022421515628355507
Tihiy_Don_202;Многое передумал и вспомнил Григорий за двое суток пути от фронта до родного хутора… Чтобы не оставаться в степи одному со своим горем, с неотступными;0.0017708512123713676;0.7412512338261529;0.0036575109628956093
Tihiy_Don_184;Через два дня Григорий возвратился из поездки по фронту своей дивизии. Штаб командующего перебрался в хутор Черный. Григорий около Вешенской дал коню ;0.009211090017787036;0.2218454681047485;0.013903941269448434
Tihiy_Don_189;Каждый день Ильинична просыпалась чуть свет, доила корову и начинала стряпаться. Печь в доме не топила, а разводила огонь в летней кухне, готовила обе;0.0017063242315949825;0.2438192309190591;0.002068058778856544
Tihiy_Don_105;"Черные глаза Анны, блещущие слезами и улыбкой, увидел Бунчук, как только в первый раз открыл глаза.
Три недели был он в бредовом беспамятстве. Три нед";0.0015721553859416619;0.010494620962502164;0.001157940205606501
Tihiy_Don_101;Перед съездом фронтового казачества в Каменской бежал из полка подъесаул Изварин. Накануне он был у Григория, говорил, отдаленно намекая на свой уход:;0.014669052367934287;0.002672511214115149;0.001566632317238675
Tihiy_Don_217;В хуторе стали поговаривать о Кошевом и Дуняшке. Одна из баб, встретив как-то Дуняшку на пристани, спросила с откровенной издевкой: «Аль наняла Михаил;0.0006747154454528471;0.027130158760289503;0.0012861633001184285
Tihiy_Don_148;В кизячнике густо пахнет сухим навозом, выпревшей соломой, объедьями сена. Сквозь чакановую крышу днем сочится серый свет. В хворостяные ворота, как с;0.002433065360396081;0.08317945089070354;0.003189830230329729
Tihiy_Don_16;Только после того как узнал от Томилина про Аксинью, понял Степан, вынашивая в душе тоску и ненависть, что, несмотря на плохую жизнь с ней, на ту давн;0.0029112755478749412;0.015374572767256975;0.00143443311491146
Tihiy_Don_182;Аксинья Астахова поселилась в Вешенской у своей двоюродной тетки, жившей на краю станицы, неподалеку от новой церкви. Первый день она разыскивала Григ;0.004438205041049103;0.1173415194247948;0.0012094671552205392
Tihiy_Don_63;Война и из Ягодного повыдергала людей. Ушли Вениамин и Тихон, после них стало еще глуше, тише, скучнее. Вместо Вениамина прислуживала старому генералу;0.0031542491527861843;0.01025119521976723;0.00159022331434389
Tihiy_Don_114;Номерным у Бунчука был казак с хутора Татарского Максимка Грязнов. Коня потерял он в бою с кутеповским отрядом, с той поры безудержно запил, пристраст;0.00568030177419031;0.007938247286179987;0.0005472314762037657
Tihiy_Don_68;В ночь на 4 ноября Григорий Мелехов пришел в Нижне-Яблоновский, первый от станции казачий хутор Вешенского юрта. До имения Ягодного оставалось несколь;0.002832166723704132;0.02986569173241818;0.0024288443865685193
Tihiy_Don_149;На рассвете, измученный, Кошевой въехал в хутор Большой Усть-Хоперской станицы. Его остановила застава 4-го Заамурского полка. Двое красноармейцев отв;0.060504702122219874;0.07032710508936266;0.041432510572019264
Tihiy_Don_222;Часам к восьми утра Аксинья загребла жар в печи, присела на лавку, вытирая завеской раскрасневшееся, потное лицо. Она встала еще до рассвета, чтобы по;0.0035304850980741476;0.040155626017174234;0.0017167843220374024
Tihiy_Don_118;В ночь эту, обрызганную молочным светом бледно-желтых звезд, в лавчушке, набитой людьми до отказа, почти не было сна. Короткие гасли разговоры. Духота;0.0035575712416404696;0.044906443056356576;0.004926485449487914
Tihiy_Don_72;Верст на сорок ниже по Стоходу шли бои. Две недели неумолчно стонал сплошной орудийный гул, по ночам далекое фиолетовое небо кромсали отсветы прожекто;0.0017712619899628594;0.007562827012442663;0.0018212404977352573
Tihiy_Don_175;"На секретном совещании верховного командования повстанческими силами решено было просить донское правительство, атамана Богаевского, о помощи.
Кудинов";0.3614655332916388;0.012634959999074002;0.0904498591973566
Tihiy_Don_91;"Мелехов Григорий в январе 1917 года был произведен за боевые отличия в хорунжие, назначен во 2-й запасной полк взводным офицером.
В сентябре он, после";0.005096932753923625;0.00710335297016357;0.013552804893576
Tihiy_Don_62;Выметываясь из русла, разбивается жизнь на множество рукавов. Трудно предопределить, по какому устремит она свой вероломный и лукавый ход. Там, где ны;0.003198873714709901;0.13243821743216153;0.0060918373829694505
Tihiy_Don_146;Григория заставили из Боковской ехать в Чернышевскую. Вернулся он через полторы недели. А за два дня до его приезда арестовали отца. Пантелей Прокофье;0.010070266166988357;0.3503519163545443;0.0083261553913148
Tihiy_Don_98;Съезд фронтового казачества в станице Каменской объявил о переходе власти в руки Военно-революционного комитета. Узнав об этом, Ленин сказал по радио:;0.02216147793957072;0.004855953445136545;0.08911214449223792
Tihiy_Don_205;Донская армия, выйдя за границу Хоперского округа, вновь, как в 1918 году, утратила наступательную силу своего движения. Казаки-повстанцы Верхнего Дон;0.9420332299767844;0.003084544342481445;0.0022774517589170674
Tihiy_Don_192;Генерала Секретева, приехавшего в Вешенскую со штабными офицерами и сотней казаков личного конвоя, встречали хлебом-солью, колокольным звоном. В обеих;0.0027568892357500725;0.011311175150591003;0.0011644017349358607
Tihiy_Don_211;- Ну, война кончилась! Пихнули нас красные так, что теперича до самого моря будем пятиться, пока не упремся задом в соленую воду, - сказал Прохор, ког;0.0011585309218689866;0.11316837906791966;0.0017349727353486006
Tihiy_Don_213;"За всю дорогу до самой станицы Абинской Григорию запомнилось только одно; беспросветной темной ночью очнулся он от резкого, пронизывающего насквозь хо";0.001343901554372774;0.010362224249935952;0.0014155015005376886
Tihiy_Don_160;На поверку оказалось, что никакой дружины в Усть-Хоперской не организуется. Была организована одна, но не в Усть-Хоперской, а в Букановской. Дружину о;0.017935799885683317;0.0024306854551578235;0.0006285439052291754
Tihiy_Don_38;На четвертой неделе поста сдала зима. На Дону бахромой легли окраинцы, ноздревато припух, поседел подтаявший сверху лед. Вечерами глухо гудела гора, п;0.004403144319998461;0.2578083230100633;0.012731554073708708
Tihiy_Don_123;Неделю отдыхал Мишка, целые дни проводя в седле. Степь его покоряла, властно принуждала жить первобытной, растительной жизнью. Косяк ходил где-нибудь ;0.003460113298919543;0.0592645729411868;0.0013250453392744095
Tihiy_Don_56;11-я кавалерийская дивизия после занятия Лешнюва с боем прошла через Станиславчик, Радзивиллов, Броды и 15 августа развернулась возле города Каменка-С;0.007287522641935227;0.009659306684040615;0.0023800355883332605
Tihiy_Don_141;Снег падал и таял на лету. В полдень в ярах с глухим шумом рушились снежные оползни. За Доном шумел лес. Стволы дубов оттаяли, почернели. С ветвей сры;0.0011906958396251748;0.06616318113956843;0.007869900982208489
Tihiy_Don_25;В конце августа Митька Коршунов случайно встретился возле Дона с дочерью Сергея Платоновича Елизаветой. Он только что приехал из-за Дона и, примыкая к;0.0013449958584301025;0.0151467587678657;0.0006724919173973758
Tihiy_Don_27;"В конце октября, в воскресенье, - поехал Федот Бодовсков в станицу.
В кошелке отвез на базар четыре пары кормленых уток, продал; в лавке купил жене си";0.001525634257509584;0.3239599186383885;0.03859604388823062
Tihiy_Don_218;После смерти Ильиничны Кошевой, оставшийся в доме единственным и полновластным хозяином, казалось бы, должен был с еще большим усердием взяться за пер;0.003238966808255092;0.6576233882037329;0.00172305163791017
Tihiy_Don_54;Фронт еще не улегся многоверстной неподатливой гадюкой. На границе вспыхивали кавалерийские стычки и бои. В первые дни после объявления войны германск;0.002030415594736737;0.016240634618538308;0.005785378104768175
Tihiy_Don_169;На рассвете стал накрапывать мелкий дождь. Зашумел ветер. С востока надвинулась черная буревая туча. Сердобцы, стоявшие на одной квартире со Штокманом;0.2565335342723457;0.016569668757365263;0.0011119892061803324
Tihiy_Don_36;Беда в одиночку сроду не ходит: утром, по недогляду Гетька, племенной бугай Мирона Григорьевича распорол рогом лучшей кобылице-матке шею. Гетько прибе;0.0032340189598309907;0.2356258897037028;0.002013616869146225
Tihiy_Don_143;"Петро только что наметал скотине и вошел в курень, выбирая из варежек сенные остья. Сейчас же звякнула щеколда в сенцах.
Закутанная в черный ковровый ";0.0026235836990994078;0.10228626840796523;0.006076579394325728
Tihiy_Don_188;"Поздно ночью Григорий пришел из штаба на квартиру. Прохор Зыков ожидал его у калитки.
- Про Аксинью не слышно? - спросил Григорий с деланным равнодуши";0.0037689085425183983;0.14302588355679965;0.0011428550593053511
Tihiy_Don_51;Обычно из верховских станиц Донецкого округа - Еланской, Вешенской, Мигулинской и Казанской - брали казаков в 11-й - 12-й армейские казачьи полки и в ;0.0005658581403598787;0.006940420014416594;0.006427736218171896
Tihiy_Don_100;"Ответ донского правительства, врученный утром на следующий день делегации ревкома, гласил следующее:
«Войсковое правительство Войска Донского, обсудив";0.0216858845311342;0.0007879354487414157;0.7128023036800206
Tihiy_Don_50;Казаки-второочередники с хутора Татарского и окрестных хуторов на второй день после выступления из дому ночевали на хуторе Ея. Казаки с нижнего конца ;0.0009243634584078704;0.04633644206165618;0.009884085627610235
Tihiy_Don_225;Первые три недели после ухода из дому Григорий жил в хуторе Верхне-Кривском Еланской станицы у знакомого казака-полчанина. Потом ушел в хутор Горбатов;0.003433833844752444;0.7417439624069351;0.0015502074939379524
Tihiy_Don_33;На пологом песчаном левобережье, над Доном, лежит станица Вешенская, старейшая из верховых донских станиц, перенесенная с места разоренной при Петре I;0.0008653302489034245;0.01159154931824598;0.008638479235442831
Tihiy_Don_195;"На рассвете его разбудил Копылов.
- Вставай, пора собираться, ехать! Приказано ведь быть к шести часам.
Начальник штаба только что побрился, вычистил ";0.007431989084317984;0.11328184163081853;0.003077635428284612
Tihiy_Don_69;Тысяча девятьсот шестнадцатый год. Октябрь. Ночь. Дождь и ветер. Полесье. Окопы над болотом, поросшим ольхой. Впереди проволочные заграждения. В окопа;0.002126782188534357;0.002538194710156278;0.002326065476382752
Tihiy_Don_71;На Владимиро-Волынском и Ковельском направлениях, в районе действий Особой армии (армия была по счету тринадцатой, но так как 13 - цифра несчастливая,;0.02956825678337945;0.0004195610779711764;0.0002635479751390612
Tihiy_Don_26;"Наталья пришлась Мелеховым ко двору. Мирон Григорьевич детей школил; не глядя на свое богатство и на то, что помимо них были работники, заставлял рабо";0.000833914623249048;0.031059319217322624;0.008324555529072287
Tihiy_Don_121;В апреле 1918 года на Дону завершился великий раздел: казаки-фронтовики северных округов - Хоперского, Усть-Медведицкого и частично Верхнедонского - п;0.0016818686590318636;0.0019069687830151638;0.005654692810394594
Tihiy_Don_231;Задолго до рассвета он прискакал на луг против Татарского. Ниже хутора, где Дон был мельче, разделся донага, привязал к лошадиным головам одежду, сапо;0.002719759553748521;0.041090665189775326;0.0006561447103547295
Tihiy_Don_227;Шла весна. Сильнее пригревало солнце. На южных склонах бугров потаял снег, и рыжая от прошлогодней травы земля в полдень уже покрывалась прозрачной си;0.0029179870859244797;0.11104758012831344;0.0016131970962651385
Tihiy_Don_19;В коршуновском курене предсвадебная суета. Невесте наспех дошивали кое-что из белья. Наталья вечера просиживала, вывязывая жениху традиционный шарф из;0.0004754704810321616;0.1264655924394994;0.0037795545682330093
Tihiy_Don_172;Как только повстанческие сотни вошли в Усть-Хоперскую и окружили митинговавших сердобцев, командир 6-й бригады Богатырев с Вороновским и Волковым удал;0.014354004366012352;0.01442232651535687;0.0026305860868821905
Tihiy_Don_178;В Вешенскую он прибыл рано утром. Полая вода в Дону начала спадать. Приторно-сладким клейким запахом тополей был напитан воздух. Около Дона сочные тем;0.0035194267922360484;0.1500138379095409;0.004007644887142949
Tihiy_Don_230;Вопреки ожиданиям Григория, за полторы недели к ним присоединилось человек сорок казаков. Это были остатки растрепанных в боях различных мелких банд. ;0.0008305816276743082;0.048904410844171;0.0015037774584824785
Tihiy_Don_107;После смерти Каледина Новочеркасская станица вручила власть походному атаману Войска Донского генералу Назарову. 29 января съехавшимися на Круг делега;0.2326673533281429;0.00029020409128198546;0.0014228041155910664
Tihiy_Don_42;"Степан подошел к Григорию и, ухватившись за стремя, плотно прижался к потному боку жеребца.
- Ну, здорово, Григорий!
- Слава богу.
- Что ж ты думаешь?";0.02412931450304852;0.3979426730813864;0.01082187660834448
Tihiy_Don_74;В ноябре в обним жали морозы. Ранний перепадал снежок. На колене против верхнего конца хутора Татарского стал Дон. По хрупкому сизому льду перебиралис;0.0004836882641669088;0.012203799982004694;0.003757235132453949
Tihiy_Don_79;Назначение генерала Корнилова главнокомандующим Юго-Западного фронта встречено было офицерским составом 14-го полка с большим сочувствием. О нем говор;0.0114316084740933;0.0021863737680682125;0.034599327381224974
Tihiy_Don_135;"Решение не отступать вновь вернуло в глазах Пантелея Прокофьевича силу и значимость вещам.
Вечером вышел он метать скотине и, уже не колеблясь, надерг";0.0012856204722029206;0.17758145432327804;0.0025806475917660053
Tihiy_Don_203;Григорий страдал не только потому, что он по-своему любил Наталью и свыкся с ней за шесть лет, прожитых вместе, но и потому, что чувствовал себя винов;0.0008959780112882267;0.19938092538745225;0.0026498365380309306
Tihiy_Don_80;В сотне Листницкого был казак Букановской станицы Лагутин Иван. По первым выборам он прошел в члены полкового Военно-революционного комитета, до прихо;0.00289121630850616;0.01860725535074388;0.006458510392508347
Tihiy_Don_119;"Отряд татарских казаков под командой хорунжего Петра Мелехова прибыл в хутор Пономарев 11 мая на рассвете.
По хутору сновали казаки-чирцы, вели на вод";0.0009599319404982065;0.009547722913355731;0.0016556652807915855
Tihiy_Don_55;Небольшая в сафьяновом, цвета под дуб, переплете записная книжка. Углы потерты и заломлены: долго носил хозяин в кармане. Листки исписаны узловатым ко;0.0013309944996870585;0.0003634376687767208;0.0005039551169136738
Tihiy_Don_165;"На другой день Григорий, передав командование дивизией одному из своих полковых командиров, в сопровождения Прохора Зыкова поехал в Вешенскую.
За Карт";0.003251518993067143;0.06932397195902773;0.006029227372889831
Tihiy_Don_144;Из глубоких затишных омутов сваливается Дон на россыпь. Кучеряво вьется там течение. Дон идет вразвалку, мерным тихим разливом. Над песчаным твердым д;0.0011051448605277783;0.22232964932532687;0.0035729286809131977
Tihiy_Don_41;У соседки Коршуновых Пелагеи в ночь под субботу на страстной неделе собрались бабы на посиделки. Гаврила Майданников - муж Пелагеи - писал из Лодзи, с;0.0006997100563050817;0.07840513596166665;0.0015456392336130823
Tihiy_Don_78;По возвращении из отпуска есаул Евгений Листницкий получил назначение в 14-й Донской казачий полк. В свой полк, в котором служил раньше и из которого ;0.0022822478228120024;0.0011894226482178749;0.006316312781251746
Tihiy_Don_17;За житом - не успели еще свозить на гумна - подошла и пшеница. На суглинистых местах, на пригорках желтел и сворачивался в трубку подгорающий лист, пе;0.010006344558100585;0.19565667400794395;0.014396523801947472
Tihiy_Don_153;Григорий с полусотней потрепал обоз первого разряда заамурцев. Восемь красноармейцев было зарублено. Взято четыре подводы с патронами и две верховые л;0.007857409974801877;0.02129983686795428;0.0016769689238439135
Tihiy_Don_75;Маленькими смуглыми руками, покрытыми редким глянцем волоса, щупал Сергей Платонович Мохов жизнь со всех сторон. Иногда и она с ним заигрывала, иногда;0.0005656101667253853;0.005127751725945999;0.0014693366473642515
Tihiy_Don_49;В последних числах июня полк выступил на маневры. По распоряжению штаба дивизии полк походным порядком прошел до города Ровно. В окрестностях его разв;0.003078837383584164;0.0015394962890137366;0.0016156781529030675
Tihiy_Don_90;Глубокой осенью 1917 года стали возвращаться с фронта казаки. Пришел постаревший Христоня с тремя казаками, служившими с ним в 52-м полку. Вернулись у;0.0013921065910791706;0.06690467795136261;0.03454944339772493
Tihiy_Don_185;Девятнадцатого мая Мишка Кошевой был послан Гумановским - начальником штаба экспедиционной бригады 9-й армии - со спешным пакетом в штаб 32-го полка, ;0.0021776792160359344;0.12476860491609923;0.0014251575750726373
